-- phpMyAdmin SQL Dump
-- version 4.1.14
-- http://www.phpmyadmin.net
--
-- Host: 127.0.0.1
-- Generation Time: Feb 14, 2018 at 08:08 PM
-- Server version: 5.6.17
-- PHP Version: 5.5.12

SET SQL_MODE = "NO_AUTO_VALUE_ON_ZERO";
SET time_zone = "+00:00";


/*!40101 SET @OLD_CHARACTER_SET_CLIENT=@@CHARACTER_SET_CLIENT */;
/*!40101 SET @OLD_CHARACTER_SET_RESULTS=@@CHARACTER_SET_RESULTS */;
/*!40101 SET @OLD_COLLATION_CONNECTION=@@COLLATION_CONNECTION */;
/*!40101 SET NAMES utf8 */;

--
-- Database: `evoting`
--

-- --------------------------------------------------------

--
-- Table structure for table `aspirant`
--

CREATE TABLE IF NOT EXISTS `aspirant` (
  `sn` int(2) NOT NULL AUTO_INCREMENT,
  `full_name` varchar(50) NOT NULL,
  `gender` varchar(50) NOT NULL,
  `age` int(3) NOT NULL,
  `qualification` varchar(50) NOT NULL,
  `passport` varchar(200) NOT NULL,
  `lga_id` int(3) DEFAULT NULL,
  `ward_id` int(3) DEFAULT NULL,
  `party_id` int(3) NOT NULL,
  `post_id` int(3) NOT NULL,
  `religion` varchar(50) NOT NULL,
  `address` varchar(100) NOT NULL,
  `state` varchar(244) NOT NULL,
  PRIMARY KEY (`sn`)
) ENGINE=InnoDB  DEFAULT CHARSET=utf8 ROW_FORMAT=COMPACT AUTO_INCREMENT=14 ;

--
-- Dumping data for table `aspirant`
--

INSERT INTO `aspirant` (`sn`, `full_name`, `gender`, `age`, `qualification`, `passport`, `lga_id`, `ward_id`, `party_id`, `post_id`, `religion`, `address`, `state`) VALUES
(6, 'Salaudeen Hammed Olasunkanmi', 'male', 24, 'ssce', 'uploads/aspirant_images/_1491254943Central Ratibi Youth Wing 20170103_230041.jpg', 644, 0, 18, 12, 'islam', 'gfdsgdfsg', 'Oyo'),
(7, 'Adeleke Abdul-Kabeer Odunayo', 'male', 18, 'ssce', 'uploads/aspirant_images/_1491255099FB_IMG_1478382175534.jpg', 650, 193, 14, 0, 'islam', 'Al-Madeenah', '0'),
(11, 'Ahmad Adeniyi Sharafudeen', 'male', 20, 'ond', 'uploads/aspirant_images/_1491345999DSC_6303.JPG', 654, 234, 20, 0, 'islam', 'Al-Madeenah center, Esanu aje, Ogbomoso', 'Oyo'),
(12, 'Zakariyyah Mujaheedah Olorunju', 'female', 18, 'ond', 'uploads/aspirant_images/_149156159101_dn_sliderhome_0.jpg', 661, 307, 22, 14, 'islam', 'Oyo ile, Oyo State', '0'),
(13, 'Abdulrasheed', 'male', 25, 'ssce', 'uploads/aspirant_images/_1518293822selfiecamera_2016-08-15-11-36-08-776.jpg', 608, 0, 18, 15, 'islam', 'gidan igwai', '');

-- --------------------------------------------------------

--
-- Table structure for table `election_date`
--

CREATE TABLE IF NOT EXISTS `election_date` (
  `sn` int(3) NOT NULL AUTO_INCREMENT,
  `post_id` int(4) NOT NULL,
  `start_date` varchar(15) NOT NULL,
  `end_date` varchar(15) NOT NULL,
  `start_time` timestamp(6) NOT NULL,
  `end_time` varchar(20) NOT NULL,
  PRIMARY KEY (`sn`)
) ENGINE=InnoDB  DEFAULT CHARSET=utf8 AUTO_INCREMENT=54 ;

--
-- Dumping data for table `election_date`
--

INSERT INTO `election_date` (`sn`, `post_id`, `start_date`, `end_date`, `start_time`, `end_time`) VALUES
(39, 12, '2017-10-28', '2017-12-31', '0000-00-00 00:00:00.000000', '1557504000'),
(51, 14, '2017-10-25', '2018-10-30', '0000-00-00 00:00:00.000000', '1554912000'),
(52, 12, '2018-02-03', '2018-02-08', '0000-00-00 00:00:00.000000', '1533225600'),
(53, 15, '2018-02-10', '2018-03-01', '0000-00-00 00:00:00.000000', '1514998800');

-- --------------------------------------------------------

--
-- Table structure for table `lga`
--

CREATE TABLE IF NOT EXISTS `lga` (
  `code` varchar(4) DEFAULT NULL,
  `name` varchar(11) DEFAULT NULL,
  `lga` varchar(31) DEFAULT NULL,
  `sn` int(4) NOT NULL AUTO_INCREMENT,
  PRIMARY KEY (`sn`)
) ENGINE=InnoDB  DEFAULT CHARSET=utf8 AUTO_INCREMENT=776 ;

--
-- Dumping data for table `lga`
--

INSERT INTO `lga` (`code`, `name`, `lga`, `sn`) VALUES
('AB', 'Abia', 'Aba North', 2),
('AB', 'Abia', 'Aba South', 3),
('AB', 'Abia', 'Arochukwu', 4),
('AB', 'Abia', 'Bende', 5),
('AB', 'Abia', 'Ikwuano', 6),
('AB', 'Abia', 'Isiala Ngwa North', 7),
('AB', 'Abia', 'Isiala Ngwa South', 8),
('AB', 'Abia', 'Isuikwuato', 9),
('AB', 'Abia', 'Obingwa', 10),
('AB', 'Abia', 'Ohafia', 11),
('AB', 'Abia', 'Osisioma', 12),
('AB', 'Abia', 'Ugwunagbo', 13),
('AB', 'Abia', 'Ukwa East', 14),
('AB', 'Abia', 'Ukwa  West', 15),
('AB', 'Abia', 'Umuahia North', 16),
('AB', 'Abia', 'Umuahia  South', 17),
('AB', 'Abia', 'Umu - Nneochi', 18),
('AD', 'Adamawa', 'Demsa', 19),
('AD', 'Adamawa', 'Fufore', 20),
('AD', 'Adamawa', 'Ganye', 21),
('AD', 'Adamawa', 'Gire 1', 22),
('AD', 'Adamawa', 'Gombi', 23),
('AD', 'Adamawa', 'Guyuk', 24),
('AD', 'Adamawa', 'Hong', 25),
('AD', 'Adamawa', 'Jada', 26),
('AD', 'Adamawa', 'Lamurde', 27),
('AD', 'Adamawa', 'Madagali', 28),
('AD', 'Adamawa', 'Maiha', 29),
('AD', 'Adamawa', 'Mayo - Belwa', 30),
('AD', 'Adamawa', 'Michika', 31),
('AD', 'Adamawa', 'Mubi North', 32),
('AD', 'Adamawa', 'Mubi South', 33),
('AD', 'Adamawa', 'Numan', 34),
('AD', 'Adamawa', 'Shelleng', 35),
('AD', 'Adamawa', 'Song', 36),
('AD', 'Adamawa', 'Toungo', 37),
('AD', 'Adamawa', 'Yola North', 38),
('AD', 'Adamawa', 'Yola South', 39),
('AK', 'Akwa Ibom', 'Abak', 40),
('AK', 'Akwa Ibom', 'Eastern Obolo', 41),
('AK', 'Akwa Ibom', 'Eket', 42),
('AK', 'Akwa Ibom', 'Esit Eket (uquo)', 43),
('AK', 'Akwa Ibom', 'Essien Udim', 44),
('AK', 'Akwa Ibom', 'Etim Ekpo', 45),
('AK', 'Akwa Ibom', 'Etinan', 46),
('AK', 'Akwa Ibom', 'Ibeno', 47),
('AK', 'Akwa Ibom', 'Ibesikpo Asutan', 48),
('AK', 'Akwa Ibom', 'Ibiono Ibom', 49),
('AK', 'Akwa Ibom', 'Ika', 50),
('AK', 'Akwa Ibom', 'Ikono', 51),
('AK', 'Akwa Ibom', 'Ikot Abasi', 52),
('AK', 'Akwa Ibom', 'Ikot Ekpene', 53),
('AK', 'Akwa Ibom', 'Ini', 54),
('AK', 'Akwa Ibom', 'Itu', 55),
('AK', 'Akwa Ibom', 'Mbo', 56),
('AK', 'Akwa Ibom', 'Mkpat Enin', 57),
('AK', 'Akwa Ibom', 'Nsit Atai', 58),
('AK', 'Akwa Ibom', 'Nsit Ibom', 59),
('AK', 'Akwa Ibom', 'Nsit Ubium', 60),
('AK', 'Akwa Ibom', 'Obot Akara', 61),
('AK', 'Akwa Ibom', 'Okobo', 62),
('AK', 'Akwa Ibom', 'Onna', 63),
('AK', 'Akwa Ibom', 'Oron', 64),
('AK', 'Akwa Ibom', 'Oruk Anam', 65),
('AK', 'Akwa Ibom', 'Udung Uko', 66),
('AK', 'Akwa Ibom', 'Ukanafun', 67),
('AK', 'Akwa Ibom', 'Uruan', 68),
('AK', 'Akwa Ibom', 'Urue Offong/oruko', 69),
('AK', 'Akwa Ibom', 'Uyo', 70),
('AN', 'Anambra', 'Aguata', 71),
('AN', 'Anambra', 'Ayamelum', 72),
('AN', 'Anambra', 'Anambra East', 73),
('AN', 'Anambra', 'Anambra West', 74),
('AN', 'Anambra', 'Anaocha', 75),
('AN', 'Anambra', 'Awka North', 76),
('AN', 'Anambra', 'Awka South', 77),
('AN', 'Anambra', 'Dunukofia', 78),
('AN', 'Anambra', 'Ekwusigo', 79),
('AN', 'Anambra', 'Idemili North', 80),
('AN', 'Anambra', 'Idemili-south', 81),
('AN', 'Anambra', 'Ihala', 82),
('AN', 'Anambra', 'Njikoka', 83),
('AN', 'Anambra', 'Nnewi North', 84),
('AN', 'Anambra', 'Nnewi South', 85),
('AN', 'Anambra', 'Ogbaru', 86),
('AN', 'Anambra', 'Onitsha-north', 87),
('AN', 'Anambra', 'Onitsha -south', 88),
('AN', 'Anambra', 'Orumba North', 89),
('AN', 'Anambra', 'Orumba  South', 90),
('AN', 'Anambra', 'Oyi', 91),
('BA', 'Bauchi', 'Alkaleri', 92),
('BA', 'Bauchi', 'Bauchi', 93),
('BA', 'Bauchi', 'Bogoro', 94),
('BA', 'Bauchi', 'Dambam', 95),
('BA', 'Bauchi', 'Darazo', 96),
('BA', 'Bauchi', 'Dass', 97),
('BA', 'Bauchi', 'Gamawa', 98),
('BA', 'Bauchi', 'Ganjuwa', 99),
('BA', 'Bauchi', 'Giade', 100),
('BA', 'Bauchi', 'Itas/gadau', 101),
('BA', 'Bauchi', 'JAMA''ARE', 102),
('BA', 'Bauchi', 'Katagum', 103),
('BA', 'Bauchi', 'Kirfi', 104),
('BA', 'Bauchi', 'Misau', 105),
('BA', 'Bauchi', 'Ningi', 106),
('BA', 'Bauchi', 'Shira', 107),
('BA', 'Bauchi', 'Tafawa Balewa', 108),
('BA', 'Bauchi', 'Toro', 109),
('BA', 'Bauchi', 'Warji', 110),
('BA', 'Bauchi', 'Zaki', 111),
('BY', 'Bayelsa', 'Brass', 112),
('BY', 'Bayelsa', 'Ekeremor', 113),
('BY', 'Bayelsa', 'Kolokuma/opokuma', 114),
('BY', 'Bayelsa', 'Nembe', 115),
('BY', 'Bayelsa', 'Ogbia', 116),
('BY', 'Bayelsa', 'Sagbama', 117),
('BY', 'Bayelsa', 'Southern Ijaw', 118),
('BY', 'Bayelsa', 'Yenagoa', 119),
('BN', 'Benue', 'Ado', 120),
('BN', 'Benue', 'Agatu', 121),
('BN', 'Benue', 'Apa', 122),
('BN', 'Benue', 'Buruku', 123),
('BN', 'Benue', 'Gboko', 124),
('BN', 'Benue', 'Guma', 125),
('BN', 'Benue', 'Gwer East', 126),
('BN', 'Benue', 'Gwer West', 127),
('BN', 'Benue', 'Katsina-ala', 128),
('BN', 'Benue', 'Konshisha', 129),
('BN', 'Benue', 'Kwande', 130),
('BN', 'Benue', 'Logo', 131),
('BN', 'Benue', 'Makurdi', 132),
('BN', 'Benue', 'Obi', 133),
('BN', 'Benue', 'Ogbadibo', 134),
('BN', 'Benue', 'Oju', 135),
('BN', 'Benue', 'Ohimini', 136),
('BN', 'Benue', 'Okpokwu', 137),
('BN', 'Benue', 'Otukpo', 138),
('BN', 'Benue', 'Tarka', 139),
('BN', 'Benue', 'Ukum', 140),
('BN', 'Benue', 'Ushongo', 141),
('BN', 'Benue', 'Vandeikya', 142),
('BO', 'Borno', 'Abadam', 143),
('BO', 'Borno', 'Askira / Uba', 144),
('BO', 'Borno', 'Bama', 145),
('BO', 'Borno', 'Bayo', 146),
('BO', 'Borno', 'Biu', 147),
('BO', 'Borno', 'Chibok', 148),
('BO', 'Borno', 'Damboa', 149),
('BO', 'Borno', 'Dikwa', 150),
('BO', 'Borno', 'Gubio', 151),
('BO', 'Borno', 'Guzamala', 152),
('BO', 'Borno', 'Gwoza', 153),
('BO', 'Borno', 'Hawul', 154),
('BO', 'Borno', 'Jere', 155),
('BO', 'Borno', 'Kaga', 156),
('BO', 'Borno', 'Kala Balge', 157),
('BO', 'Borno', 'Konduga', 158),
('BO', 'Borno', 'Kukawa', 159),
('BO', 'Borno', 'Kwaya / Kusar', 160),
('BO', 'Borno', 'Mafa', 161),
('BO', 'Borno', 'Magumeri', 162),
('BO', 'Borno', 'Maiduguri M. C.', 163),
('BO', 'Borno', 'Marte', 164),
('BO', 'Borno', 'Mobbar', 165),
('BO', 'Borno', 'Monguno', 166),
('BO', 'Borno', 'Ngala', 167),
('BO', 'Borno', 'Nganzai', 168),
('BO', 'Borno', 'Shani', 169),
('CR', 'Cross River', 'Abi', 170),
('CR', 'Cross River', 'Akamkpa', 171),
('CR', 'Cross River', 'Akpabuyo', 172),
('CR', 'Cross River', 'Bakassi', 173),
('CR', 'Cross River', 'Bekwarra', 174),
('CR', 'Cross River', 'Biase', 175),
('CR', 'Cross River', 'Boki', 176),
('CR', 'Cross River', 'Calabar Municipality', 177),
('CR', 'Cross River', 'Calabar South', 178),
('CR', 'Cross River', 'Etung', 179),
('CR', 'Cross River', 'Ikom', 180),
('CR', 'Cross River', 'Obanliku', 181),
('CR', 'Cross River', 'Obubra', 182),
('CR', 'Cross River', 'Obudu', 183),
('CR', 'Cross River', 'Odukpani', 184),
('CR', 'Cross River', 'Ogoja', 185),
('CR', 'Cross River', 'Yakurr', 186),
('CR', 'Cross River', 'Yala', 187),
('DT', 'Delta', 'Aniocha North', 188),
('DT', 'Delta', 'Aniocha - South', 189),
('DT', 'Delta', 'Bomadi', 190),
('DT', 'Delta', 'Burutu', 191),
('DT', 'Delta', 'Ethiope  East', 192),
('DT', 'Delta', 'Ethiope  West', 193),
('DT', 'Delta', 'Ika North- East', 194),
('DT', 'Delta', 'Ika - South', 195),
('DT', 'Delta', 'Isoko North', 196),
('DT', 'Delta', 'Isoko South', 197),
('DT', 'Delta', 'Ndokwa East', 198),
('DT', 'Delta', 'Ndokwa West', 199),
('DT', 'Delta', 'Okpe', 200),
('DT', 'Delta', 'Oshimili - North', 201),
('DT', 'Delta', 'Oshimili - South', 202),
('DT', 'Delta', 'Patani', 203),
('DT', 'Delta', 'Sapele', 204),
('DT', 'Delta', 'Udu', 205),
('DT', 'Delta', 'Ughelli North', 206),
('DT', 'Delta', 'Ughelli South', 207),
('DT', 'Delta', 'Ukwuani', 208),
('DT', 'Delta', 'Uvwie', 209),
('DT', 'Delta', 'Warri  North', 210),
('DT', 'Delta', 'Warri South', 211),
('DT', 'Delta', 'Warri South  West', 212),
('EB', 'Ebonyi', 'Abakaliki', 213),
('EB', 'Ebonyi', 'Afikpo North', 214),
('EB', 'Ebonyi', 'Afikpo  South', 215),
('EB', 'Ebonyi', 'Ebonyi', 216),
('EB', 'Ebonyi', 'Ezza North', 217),
('EB', 'Ebonyi', 'Ezza South', 218),
('EB', 'Ebonyi', 'Ikwo', 219),
('EB', 'Ebonyi', 'Ishielu', 220),
('EB', 'Ebonyi', 'Ivo', 221),
('EB', 'Ebonyi', 'Izzi', 222),
('EB', 'Ebonyi', 'Ohaozara', 223),
('EB', 'Ebonyi', 'Ohaukwu', 224),
('EB', 'Ebonyi', 'Onicha', 225),
('ED', 'Edo', 'Akoko Edo', 226),
('ED', 'Edo', 'Egor', 227),
('ED', 'Edo', 'Esan Central', 228),
('ED', 'Edo', 'Esan North East', 229),
('ED', 'Edo', 'Esan South East', 230),
('ED', 'Edo', 'Esan West', 231),
('ED', 'Edo', 'Etsako Central', 232),
('ED', 'Edo', 'Etsako East', 233),
('ED', 'Edo', 'Etsako  West', 234),
('ED', 'Edo', 'Igueben', 235),
('ED', 'Edo', 'Ikpoba/okha', 236),
('ED', 'Edo', 'Oredo', 237),
('ED', 'Edo', 'Orhionmwon', 238),
('ED', 'Edo', 'Ovia North East', 239),
('ED', 'Edo', 'Ovia South West', 240),
('ED', 'Edo', 'Owan East', 241),
('ED', 'Edo', 'Owan West', 242),
('ED', 'Edo', 'Uhunmwode', 243),
('EK', 'Ekiti', 'Ado Ekiti', 244),
('EK', 'Ekiti', 'Efon', 245),
('EK', 'Ekiti', 'Ekiti East', 246),
('EK', 'Ekiti', 'Ekiti West', 247),
('EK', 'Ekiti', 'Ekiti South West', 248),
('EK', 'Ekiti', 'Emure', 249),
('EK', 'Ekiti', 'Gbonyin', 250),
('EK', 'Ekiti', 'Ido / Osi', 251),
('EK', 'Ekiti', 'Ijero', 252),
('EK', 'Ekiti', 'Ikere', 253),
('EK', 'Ekiti', 'Ikole', 254),
('EK', 'Ekiti', 'Ilejemeje', 255),
('EK', 'Ekiti', 'Irepodun / Ifelodun', 256),
('EK', 'Ekiti', 'Ise / Orun', 257),
('EK', 'Ekiti', 'Moba', 258),
('EK', 'Ekiti', 'Oye', 259),
('EN', 'Enugu', 'Aninri', 260),
('EN', 'Enugu', 'Awgu', 261),
('EN', 'Enugu', 'Enugu East', 262),
('EN', 'Enugu', 'Enugu North', 263),
('EN', 'Enugu', 'Enugu South', 264),
('EN', 'Enugu', 'Ezeagu', 265),
('EN', 'Enugu', 'Igbo Etiti', 266),
('EN', 'Enugu', 'Igbo Eze North', 267),
('EN', 'Enugu', 'Igbo Eze South', 268),
('EN', 'Enugu', 'Isi Uzo', 269),
('EN', 'Enugu', 'Nkanu East', 270),
('EN', 'Enugu', 'Nkanu West', 271),
('EN', 'Enugu', 'Nsukka', 272),
('EN', 'Enugu', 'Oji-river', 273),
('EN', 'Enugu', 'Udenu', 274),
('EN', 'Enugu', 'Udi', 275),
('EN', 'Enugu', 'Uzo-uwani', 276),
('FC', 'Fct', 'Abaji', 277),
('FC', 'Fct', 'Bwari', 278),
('FC', 'Fct', 'Gwagwalada', 279),
('FC', 'Fct', 'Kuje', 280),
('FC', 'Fct', 'Kwali', 281),
('FC', 'Fct', 'Municipal', 282),
('GM', 'Gombe', 'Akko', 283),
('GM', 'Gombe', 'Balanga', 284),
('GM', 'Gombe', 'Billiri', 285),
('GM', 'Gombe', 'Dukku', 286),
('GM', 'Gombe', 'Funakaye', 287),
('GM', 'Gombe', 'Gombe', 288),
('GM', 'Gombe', 'Kaltungo', 289),
('GM', 'Gombe', 'Kwami', 290),
('GM', 'Gombe', 'Nafada', 291),
('GM', 'Gombe', 'Shongom', 292),
('GM', 'Gombe', 'Yalmaltu/ Deba', 293),
('IM', 'Imo', 'Aboh Mbaise', 294),
('IM', 'Imo', 'Ahiazu Mbaise', 295),
('IM', 'Imo', 'Ehime Mbano', 296),
('IM', 'Imo', 'Ezinihitte Mbaise', 297),
('IM', 'Imo', 'Ideato North', 298),
('IM', 'Imo', 'Ideato South', 299),
('IM', 'Imo', 'Ihitte/uboma (isinweke)', 300),
('IM', 'Imo', 'Ikeduru (iho)', 301),
('IM', 'Imo', 'Isiala Mbano (umuelemai)', 302),
('IM', 'Imo', 'Isu (umundugba)', 303),
('IM', 'Imo', 'Mbaitoli (nwaorieubi)', 304),
('IM', 'Imo', 'Ngor Okpala (umuneke)', 305),
('IM', 'Imo', 'Njaba (nnenasa)', 306),
('IM', 'Imo', 'Nkwerre', 307),
('IM', 'Imo', 'Nwangele (onu-nwangele Amaigbo)', 308),
('IM', 'Imo', 'Obowo (otoko)', 309),
('IM', 'Imo', 'Oguta (oguta)', 310),
('IM', 'Imo', 'Ohaji/egbema (mmahu-egbema)', 311),
('IM', 'Imo', 'Okigwe  (okigwe)', 312),
('IM', 'Imo', 'Onuimo (okwe)', 313),
('IM', 'Imo', 'Orlu', 314),
('IM', 'Imo', 'Orsu (awo Idemili)', 315),
('IM', 'Imo', 'Oru-east', 316),
('IM', 'Imo', 'Oru West (mgbidi)', 317),
('IM', 'Imo', 'Owerri Municipal', 318),
('IM', 'Imo', 'Owerri North (orie Uratta)', 319),
('IM', 'Imo', 'Owerri West (umuguma)', 320),
('JG', 'Jigawa', 'Auyo', 321),
('JG', 'Jigawa', 'Babura', 322),
('JG', 'Jigawa', 'Birnin Kudu', 323),
('JG', 'Jigawa', 'Birniwa', 324),
('JG', 'Jigawa', 'Buji', 325),
('JG', 'Jigawa', 'Dutse', 326),
('JG', 'Jigawa', 'Garki', 327),
('JG', 'Jigawa', 'Gagarawa', 328),
('JG', 'Jigawa', 'Gumel', 329),
('JG', 'Jigawa', 'Guri', 330),
('JG', 'Jigawa', 'Gwaram', 331),
('JG', 'Jigawa', 'Gwiwa', 332),
('JG', 'Jigawa', 'Hadejia', 333),
('JG', 'Jigawa', 'Jahun', 334),
('JG', 'Jigawa', 'Kafin Hausa', 335),
('JG', 'Jigawa', 'Kaugama', 336),
('JG', 'Jigawa', 'Kazaure', 337),
('JG', 'Jigawa', 'Kirika Samma', 338),
('JG', 'Jigawa', 'Kiyawa', 339),
('JG', 'Jigawa', 'Maigatari', 340),
('JG', 'Jigawa', 'Malam Madori', 341),
('JG', 'Jigawa', 'Miga', 342),
('JG', 'Jigawa', 'Ringim', 343),
('JG', 'Jigawa', 'Roni', 344),
('JG', 'Jigawa', 'Sule-tankarkar', 345),
('JG', 'Jigawa', 'Taura', 346),
('JG', 'Jigawa', 'Yankwashi', 347),
('KD', 'Kaduna', 'Birnin Gwari', 348),
('KD', 'Kaduna', 'Chikun', 349),
('KD', 'Kaduna', 'Giwa', 350),
('KD', 'Kaduna', 'Igabi', 351),
('KD', 'Kaduna', 'Ikara', 352),
('KD', 'Kaduna', 'Jaba', 353),
('KD', 'Kaduna', 'JEMA''A', 354),
('KD', 'Kaduna', 'Kachia', 355),
('KD', 'Kaduna', 'Kaduna North', 356),
('KD', 'Kaduna', 'Kaduna South', 357),
('KD', 'Kaduna', 'Kagarko', 358),
('KD', 'Kaduna', 'Kajuru', 359),
('KD', 'Kaduna', 'Kaura', 360),
('KD', 'Kaduna', 'Kauru', 361),
('KD', 'Kaduna', 'Kubau', 362),
('KD', 'Kaduna', 'Kudan', 363),
('KD', 'Kaduna', 'Lere', 364),
('KD', 'Kaduna', 'Makarfi', 365),
('KD', 'Kaduna', 'Sabon Gari', 366),
('KD', 'Kaduna', 'Sanga', 367),
('KD', 'Kaduna', 'Soba', 368),
('KD', 'Kaduna', 'Zangon Kataf', 369),
('KD', 'Kaduna', 'Zaria', 370),
('KN', 'Kano', 'Ajingi', 371),
('KN', 'Kano', 'Albasu', 372),
('KN', 'Kano', 'Bagwai', 373),
('KN', 'Kano', 'Bebeji', 374),
('KN', 'Kano', 'Bichi', 375),
('KN', 'Kano', 'Bunkure', 376),
('KN', 'Kano', 'Dala', 377),
('KN', 'Kano', 'Danbata', 378),
('KN', 'Kano', 'Dawaki Kudu', 379),
('KN', 'Kano', 'Dawaki Tofa', 380),
('KN', 'Kano', 'Doguwa', 381),
('KN', 'Kano', 'Fagge', 382),
('KN', 'Kano', 'Gabasawa', 383),
('KN', 'Kano', 'Garko', 384),
('KN', 'Kano', 'Garun Malam', 385),
('KN', 'Kano', 'Gaya', 386),
('KN', 'Kano', 'Gezawa', 387),
('KN', 'Kano', 'Gwale', 388),
('KN', 'Kano', 'Gwarzo', 389),
('KN', 'Kano', 'Kabo', 390),
('KN', 'Kano', 'Kano Municipal', 391),
('KN', 'Kano', 'Karaye', 392),
('KN', 'Kano', 'Kibiya', 393),
('KN', 'Kano', 'Kiru', 394),
('KN', 'Kano', 'Kumbotso', 395),
('KN', 'Kano', 'Kunchi', 396),
('KN', 'Kano', 'Kura', 397),
('KN', 'Kano', 'Madobi', 398),
('KN', 'Kano', 'Makoda', 399),
('KN', 'Kano', 'Minjibir', 400),
('KN', 'Kano', 'Nasarawa', 401),
('KN', 'Kano', 'Rano', 402),
('KN', 'Kano', 'Rimin Gado', 403),
('KN', 'Kano', 'Rogo', 404),
('KN', 'Kano', 'Shanono', 405),
('KN', 'Kano', 'Sumaila', 406),
('KN', 'Kano', 'Takai', 407),
('KN', 'Kano', 'Tarauni', 408),
('KN', 'Kano', 'Tofa', 409),
('KN', 'Kano', 'Tsanyawa', 410),
('KN', 'Kano', 'Tudun Wada', 411),
('KN', 'Kano', 'Ungogo', 412),
('KN', 'Kano', 'Warawa', 413),
('KN', 'Kano', 'Wudil', 414),
('KT', 'Katsina', 'Bakori', 415),
('KT', 'Katsina', 'Batagarawa', 416),
('KT', 'Katsina', 'Batsari', 417),
('KT', 'Katsina', 'Baure', 418),
('KT', 'Katsina', 'Bindawa', 419),
('KT', 'Katsina', 'Charanchi', 420),
('KT', 'Katsina', 'Dandume', 421),
('KT', 'Katsina', 'Danja', 422),
('KT', 'Katsina', 'Dan Musa', 423),
('KT', 'Katsina', 'Daura', 424),
('KT', 'Katsina', 'Dutsi', 425),
('KT', 'Katsina', 'Dutsin-ma', 426),
('KT', 'Katsina', 'Faskari', 427),
('KT', 'Katsina', 'Funtua', 428),
('KT', 'Katsina', 'Ingawa', 429),
('KT', 'Katsina', 'Jibia', 430),
('KT', 'Katsina', 'Kafur', 431),
('KT', 'Katsina', 'Kaita', 432),
('KT', 'Katsina', 'Kankara', 433),
('KT', 'Katsina', 'Kankia', 434),
('KT', 'Katsina', 'Katsina', 435),
('KT', 'Katsina', 'Kurfi', 436),
('KT', 'Katsina', 'Kusada', 437),
('KT', 'Katsina', 'MAI''ADUA', 438),
('KT', 'Katsina', 'Malufashi', 439),
('KT', 'Katsina', 'Mani', 440),
('KT', 'Katsina', 'Mashi', 441),
('KT', 'Katsina', 'Matazu', 442),
('KT', 'Katsina', 'Musawa', 443),
('KT', 'Katsina', 'Rimi', 444),
('KT', 'Katsina', 'Sabuwa', 445),
('KT', 'Katsina', 'Safana', 446),
('KT', 'Katsina', 'Sandamu', 447),
('KT', 'Katsina', 'Zango', 448),
('KB', 'Kebbi', 'Aliero', 449),
('KB', 'Kebbi', 'Arewa', 450),
('KB', 'Kebbi', 'Argungu', 451),
('KB', 'Kebbi', 'Augie', 452),
('KB', 'Kebbi', 'Bagudo', 453),
('KB', 'Kebbi', 'Birnin Kebbi', 454),
('KB', 'Kebbi', 'Bunza', 455),
('KB', 'Kebbi', 'Dandi', 456),
('KB', 'Kebbi', 'Fakai', 457),
('KB', 'Kebbi', 'Gwandu', 458),
('KB', 'Kebbi', 'Jega', 459),
('KB', 'Kebbi', 'Kalgo', 460),
('KB', 'Kebbi', 'Koko/besse', 461),
('KB', 'Kebbi', 'Maiyama', 462),
('KB', 'Kebbi', 'Ngaski', 463),
('KB', 'Kebbi', 'Sakaba', 464),
('KB', 'Kebbi', 'Shanga', 465),
('KB', 'Kebbi', 'Suru', 466),
('KB', 'Kebbi', 'Wasagu/danko', 467),
('KB', 'Kebbi', 'Yauri', 468),
('KB', 'Kebbi', 'Zuru', 469),
('KG', 'Kogi', 'Adavi', 470),
('KG', 'Kogi', 'Ajaokuta', 471),
('KG', 'Kogi', 'Ankpa', 472),
('KG', 'Kogi', 'Bassa', 473),
('KG', 'Kogi', 'Dekina', 474),
('KG', 'Kogi', 'Ibaji', 475),
('KG', 'Kogi', 'Idah', 476),
('KG', 'Kogi', 'Igalamela/odolu', 477),
('KG', 'Kogi', 'Ijumu', 478),
('KG', 'Kogi', 'Kabba/bunu', 479),
('KG', 'Kogi', 'Kogi . K. K.', 480),
('KG', 'Kogi', 'Lokoja', 481),
('KG', 'Kogi', 'Mopa Moro', 482),
('KG', 'Kogi', 'Ofu', 483),
('KG', 'Kogi', 'Ogori Mangogo', 484),
('KG', 'Kogi', 'Okehi', 485),
('KG', 'Kogi', 'Okene', 486),
('KG', 'Kogi', 'Olamaboro', 487),
('KG', 'Kogi', 'Omala', 488),
('KG', 'Kogi', 'Yagba East', 489),
('KG', 'Kogi', 'Yagba West', 490),
('KW', 'Kwara', 'Asa', 491),
('KW', 'Kwara', 'Baruten', 492),
('KW', 'Kwara', 'Edu', 493),
('KW', 'Kwara', 'Ekiti', 494),
('KW', 'Kwara', 'Ifelodun', 495),
('KW', 'Kwara', 'Ilorin East', 496),
('KW', 'Kwara', 'Ilorin-south', 497),
('KW', 'Kwara', 'Ilorin-west', 498),
('KW', 'Kwara', 'Irepodun', 499),
('KW', 'Kwara', 'Isin', 500),
('KW', 'Kwara', 'Kaiama', 501),
('KW', 'Kwara', 'Moro', 502),
('KW', 'Kwara', 'Offa', 503),
('KW', 'Kwara', 'Oke - Ero', 504),
('KW', 'Kwara', 'Oyun', 505),
('KW', 'Kwara', 'Patigi', 506),
('LA', 'Lagos', 'Agege', 507),
('LA', 'Lagos', 'Ajeromi/ifelodun', 508),
('LA', 'Lagos', 'Alimosho', 509),
('LA', 'Lagos', 'Amuwo-odofin', 510),
('LA', 'Lagos', 'Apapa', 511),
('LA', 'Lagos', 'Badagry', 512),
('LA', 'Lagos', 'Epe', 513),
('LA', 'Lagos', 'Eti-osa', 514),
('LA', 'Lagos', 'Ibeju/lekki', 515),
('LA', 'Lagos', 'Ifako-ijaye', 516),
('LA', 'Lagos', 'Ikeja', 517),
('LA', 'Lagos', 'Ikorodu', 518),
('LA', 'Lagos', 'Kosofe', 519),
('LA', 'Lagos', 'Lagos Island', 520),
('LA', 'Lagos', 'Lagos Mainland', 521),
('LA', 'Lagos', 'Mushin', 522),
('LA', 'Lagos', 'Ojo', 523),
('LA', 'Lagos', 'Oshodi/isolo', 524),
('LA', 'Lagos', 'Somolu', 525),
('LA', 'Lagos', 'Surulere', 526),
('NS', 'Nasarawa', 'Akwanga', 527),
('NS', 'Nasarawa', 'Awe', 528),
('NS', 'Nasarawa', 'Doma', 529),
('NS', 'Nasarawa', 'Karu', 530),
('NS', 'Nasarawa', 'Keana', 531),
('NS', 'Nasarawa', 'Keffi', 532),
('NS', 'Nasarawa', 'Kokona', 533),
('NS', 'Nasarawa', 'Lafia', 534),
('NS', 'Nasarawa', 'Nasarawa', 535),
('NS', 'Nasarawa', 'Nasarawa Eggon', 536),
('NS', 'Nasarawa', 'Obi', 537),
('NS', 'Nasarawa', 'Toto', 538),
('NS', 'Nasarawa', 'Wamba', 539),
('NG', 'Niger', 'Agaie', 540),
('NG', 'Niger', 'Agwara', 541),
('NG', 'Niger', 'Bida', 542),
('NG', 'Niger', 'Borgu', 543),
('NG', 'Niger', 'Bosso', 544),
('NG', 'Niger', 'Chanchaga', 545),
('NG', 'Niger', 'Edatti', 546),
('NG', 'Niger', 'Gbako', 547),
('NG', 'Niger', 'Gurara', 548),
('NG', 'Niger', 'Katcha', 549),
('NG', 'Niger', 'Kontagora', 550),
('NG', 'Niger', 'Lapai', 551),
('NG', 'Niger', 'Lavun', 552),
('NG', 'Niger', 'Magama', 553),
('NG', 'Niger', 'Mariga', 554),
('NG', 'Niger', 'Mashegu', 555),
('NG', 'Niger', 'Mokwa', 556),
('NG', 'Niger', 'Munya', 557),
('NG', 'Niger', 'Paikoro', 558),
('NG', 'Niger', 'Rafi', 559),
('NG', 'Niger', 'Rijau', 560),
('NG', 'Niger', 'Shiroro', 561),
('NG', 'Niger', 'Suleja', 562),
('NG', 'Niger', 'Tafa', 563),
('NG', 'Niger', 'Wushishi', 564),
('OG', 'Ogun', 'Abeokuta North', 565),
('OG', 'Ogun', 'Abeokuta South', 566),
('OG', 'Ogun', 'Ado Odo-ota', 567),
('OG', 'Ogun', 'Egbado North', 568),
('OG', 'Ogun', 'Egbado South', 569),
('OG', 'Ogun', 'Ewekoro', 570),
('OG', 'Ogun', 'Ifo', 571),
('OG', 'Ogun', 'Ijebu East', 572),
('OG', 'Ogun', 'Ijebu North', 573),
('OG', 'Ogun', 'Ijebu North East', 574),
('OG', 'Ogun', 'Ijebu Ode', 575),
('OG', 'Ogun', 'Ikenne', 576),
('OG', 'Ogun', 'Imeko/afon', 577),
('OG', 'Ogun', 'Ipokia', 578),
('OG', 'Ogun', 'Obafemi/owode', 579),
('OG', 'Ogun', 'Odeda', 580),
('OG', 'Ogun', 'Odogbolu', 581),
('OG', 'Ogun', 'Ogun Water Side', 582),
('OG', 'Ogun', 'Remo North', 583),
('OG', 'Ogun', 'Sagamu', 584),
('OD', 'Ondo', 'Akoko North East', 585),
('OD', 'Ondo', 'Akoko North West', 586),
('OD', 'Ondo', 'Akoko South East', 587),
('OD', 'Ondo', 'Akoko South West', 588),
('OD', 'Ondo', 'Akure North', 589),
('OD', 'Ondo', 'Akure South', 590),
('OD', 'Ondo', 'Ese-odo', 591),
('OD', 'Ondo', 'Idanre', 592),
('OD', 'Ondo', 'Ifedore', 593),
('OD', 'Ondo', 'Ilaje', 594),
('OD', 'Ondo', 'Ileoluji/okeigbo', 595),
('OD', 'Ondo', 'Irele', 596),
('OD', 'Ondo', 'Odigbo', 597),
('OD', 'Ondo', 'Okitipupa', 598),
('OD', 'Ondo', 'Ondo East', 599),
('OD', 'Ondo', 'Ondo West', 600),
('OD', 'Ondo', 'Ose', 601),
('OD', 'Ondo', 'Owo', 602),
('OS', 'Osun', 'Atakumosa East', 603),
('OS', 'Osun', 'Atakumosa West', 604),
('OS', 'Osun', 'Ayedaade', 605),
('OS', 'Osun', 'Ayedire', 606),
('OS', 'Osun', 'Boluwaduro', 607),
('OS', 'Osun', 'Boripe', 608),
('OS', 'Osun', 'Ede North', 609),
('OS', 'Osun', 'Ede South', 610),
('OS', 'Osun', 'Egbedore', 611),
('OS', 'Osun', 'Ejigbo', 612),
('OS', 'Osun', 'Ife Central', 613),
('OS', 'Osun', 'Ifedayo', 614),
('OS', 'Osun', 'Ife East', 615),
('OS', 'Osun', 'Ifelodun', 616),
('OS', 'Osun', 'Ife North', 617),
('OS', 'Osun', 'Ife South', 618),
('OS', 'Osun', 'Ila', 619),
('OS', 'Osun', 'Ilesa East', 620),
('OS', 'Osun', 'Ilesa West', 621),
('OS', 'Osun', 'Irepodun', 622),
('OS', 'Osun', 'Irewole', 623),
('OS', 'Osun', 'Isokan', 624),
('OS', 'Osun', 'Iwo', 625),
('OS', 'Osun', 'Obokun', 626),
('OS', 'Osun', 'Odo-otin', 627),
('OS', 'Osun', 'Ola-oluwa', 628),
('OS', 'Osun', 'Olorunda', 629),
('OS', 'Osun', 'Oriade', 630),
('OS', 'Osun', 'Orolu', 631),
('OS', 'Osun', 'Osogbo', 632),
('OY', 'Oyo', 'Afijio', 633),
('OY', 'Oyo', 'Akinyele', 634),
('OY', 'Oyo', 'Atiba', 635),
('OY', 'Oyo', 'Atisbo', 636),
('OY', 'Oyo', 'Egbeda', 637),
('OY', 'Oyo', 'Ibadan North', 638),
('OY', 'Oyo', 'Ibadan North East', 639),
('OY', 'Oyo', 'Ibadan North West', 640),
('OY', 'Oyo', 'Ibadan South-east', 641),
('OY', 'Oyo', 'Ibadan South West', 642),
('OY', 'Oyo', 'Ibarapa Central', 643),
('OY', 'Oyo', 'Ibarapa East', 644),
('OY', 'Oyo', 'Ibarapa North', 645),
('OY', 'Oyo', 'Ido', 646),
('OY', 'Oyo', 'Irepo', 647),
('OY', 'Oyo', 'Iseyin', 648),
('OY', 'Oyo', 'Itesiwaju', 649),
('OY', 'Oyo', 'Iwajowa', 650),
('OY', 'Oyo', 'Kajola', 651),
('OY', 'Oyo', 'Lagelu', 652),
('OY', 'Oyo', 'Ogbomoso North', 653),
('OY', 'Oyo', 'Ogbomoso South', 654),
('OY', 'Oyo', 'Ogo-oluwa', 655),
('OY', 'Oyo', 'Olorunsogo', 656),
('OY', 'Oyo', 'Oluyole', 657),
('OY', 'Oyo', 'Ona-ara', 658),
('OY', 'Oyo', 'Oorelope', 659),
('OY', 'Oyo', 'Ori Ire', 660),
('OY', 'Oyo', 'Oyo East', 661),
('OY', 'Oyo', 'Oyo West', 662),
('OY', 'Oyo', 'Saki East', 663),
('OY', 'Oyo', 'Saki West', 664),
('OY', 'Oyo', 'Surulere', 665),
('PL', 'Plateau', 'Jos North', 666),
('PL', 'Plateau', 'Barikin Ladi', 667),
('PL', 'Plateau', 'Bassa', 668),
('PL', 'Plateau', 'Bokkos', 669),
('PL', 'Plateau', 'Jos East', 670),
('PL', 'Plateau', 'Jos South', 671),
('PL', 'Plateau', 'Kanam', 672),
('PL', 'Plateau', 'Kanke', 673),
('PL', 'Plateau', 'Langtang North', 674),
('PL', 'Plateau', 'Langtang South', 675),
('PL', 'Plateau', 'Mangu', 676),
('PL', 'Plateau', 'Mikang', 677),
('PL', 'Plateau', 'Pankshin', 678),
('PL', 'Plateau', 'QUA''AN PAN', 679),
('PL', 'Plateau', 'Riyom', 680),
('PL', 'Plateau', 'Shendam', 681),
('PL', 'Plateau', 'Wase', 682),
('RV', 'Rivers', 'Abua-odual', 683),
('RV', 'Rivers', 'Ahoada East', 684),
('RV', 'Rivers', 'Ahoada West', 685),
('RV', 'Rivers', 'Akuku Toru', 686),
('RV', 'Rivers', 'Andoni', 687),
('RV', 'Rivers', 'Asari-toru', 688),
('RV', 'Rivers', 'Bonny', 689),
('RV', 'Rivers', 'Degema', 690),
('RV', 'Rivers', 'Eleme', 691),
('RV', 'Rivers', 'Emohua', 692),
('RV', 'Rivers', 'Etche', 693),
('RV', 'Rivers', 'Gokana', 694),
('RV', 'Rivers', 'Ikwerre', 695),
('RV', 'Rivers', 'Khana', 696),
('RV', 'Rivers', 'Obio/akpor', 697),
('RV', 'Rivers', 'Ogba/egbema/ndoni', 698),
('RV', 'Rivers', 'Ogu/bolo', 699),
('RV', 'Rivers', 'Okrika', 700),
('RV', 'Rivers', 'Omuma', 701),
('RV', 'Rivers', 'Opobo/nekoro', 702),
('RV', 'Rivers', 'Oyigbo', 703),
('RV', 'Rivers', 'Port Harcourt', 704),
('RV', 'Rivers', 'Tai', 705),
('SO', 'Sokoto', 'Binji', 706),
('SO', 'Sokoto', 'Bodinga', 707),
('SO', 'Sokoto', 'Dange/shuni', 708),
('SO', 'Sokoto', 'Gada', 709),
('SO', 'Sokoto', 'Goronyo', 710),
('SO', 'Sokoto', 'Gudu', 711),
('SO', 'Sokoto', 'Gwadabawa', 712),
('SO', 'Sokoto', 'Illela', 713),
('SO', 'Sokoto', 'Isa', 714),
('SO', 'Sokoto', 'Kware', 715),
('SO', 'Sokoto', 'Kebbe', 716),
('SO', 'Sokoto', 'Rabah', 717),
('SO', 'Sokoto', 'S/birni', 718),
('SO', 'Sokoto', 'Shagari', 719),
('SO', 'Sokoto', 'Silame', 720),
('SO', 'Sokoto', 'Sokoto North', 721),
('SO', 'Sokoto', 'Sokoto South', 722),
('SO', 'Sokoto', 'Tambuwal', 723),
('SO', 'Sokoto', 'Tangaza', 724),
('SO', 'Sokoto', 'Tureta', 725),
('SO', 'Sokoto', 'Wamakko', 726),
('SO', 'Sokoto', 'Wurno', 727),
('SO', 'Sokoto', 'Yabo', 728),
('TR', 'Taraba', 'Ardo - Kola', 729),
('TR', 'Taraba', 'Bali', 730),
('TR', 'Taraba', 'Donga', 731),
('TR', 'Taraba', 'Gashaka', 732),
('TR', 'Taraba', 'Gassol', 733),
('TR', 'Taraba', 'Ibi', 734),
('TR', 'Taraba', 'Jalingo', 735),
('TR', 'Taraba', 'Karim-lamido', 736),
('TR', 'Taraba', 'Kurmi', 737),
('TR', 'Taraba', 'Lau', 738),
('TR', 'Taraba', 'Sardauna', 739),
('TR', 'Taraba', 'Takum', 740),
('TR', 'Taraba', 'Ussa', 741),
('TR', 'Taraba', 'Wukari', 742),
('TR', 'Taraba', 'Yorro', 743),
('TR', 'Taraba', 'Zing', 744),
('YB', 'Yobe', 'Bade', 745),
('YB', 'Yobe', 'Bursari', 746),
('YB', 'Yobe', 'Damaturu', 747),
('YB', 'Yobe', 'Fika', 748),
('YB', 'Yobe', 'Fune', 749),
('YB', 'Yobe', 'Geidam', 750),
('YB', 'Yobe', 'Gujba', 751),
('YB', 'Yobe', 'Gulani', 752),
('YB', 'Yobe', 'Jakusko', 753),
('YB', 'Yobe', 'Karasawa', 754),
('YB', 'Yobe', 'Machina', 755),
('YB', 'Yobe', 'Nangere', 756),
('YB', 'Yobe', 'Nguru', 757),
('YB', 'Yobe', 'Potiskum', 758),
('YB', 'Yobe', 'Tarmuwa', 759),
('YB', 'Yobe', 'Yunusari', 760),
('YB', 'Yobe', 'Yusufari', 761),
('ZM', 'Zamfara', 'Anka', 762),
('ZM', 'Zamfara', 'Bakura', 763),
('ZM', 'Zamfara', 'Birnin Magaji', 764),
('ZM', 'Zamfara', 'Bukkuyum', 765),
('ZM', 'Zamfara', 'Bungudu', 766),
('ZM', 'Zamfara', 'Gummi', 767),
('ZM', 'Zamfara', 'Gusau', 768),
('ZM', 'Zamfara', 'Kaura Namoda', 769),
('ZM', 'Zamfara', 'Maradun', 770),
('ZM', 'Zamfara', 'Maru', 771),
('ZM', 'Zamfara', 'Shinkafi', 772),
('ZM', 'Zamfara', 'Talata Mafara', 773),
('ZM', 'Zamfara', 'Tsafe', 774),
('ZM', 'Zamfara', 'Zurmi', 775);

-- --------------------------------------------------------

--
-- Table structure for table `party`
--

CREATE TABLE IF NOT EXISTS `party` (
  `sn` int(2) NOT NULL AUTO_INCREMENT,
  `party_code` varchar(20) NOT NULL,
  `party_name` varchar(200) NOT NULL,
  `party_logo` varchar(200) NOT NULL,
  `motto` varchar(200) NOT NULL,
  PRIMARY KEY (`sn`),
  UNIQUE KEY `party_code` (`party_code`),
  UNIQUE KEY `party_name` (`party_name`),
  UNIQUE KEY `motto` (`motto`)
) ENGINE=InnoDB  DEFAULT CHARSET=utf8 AUTO_INCREMENT=23 ;

--
-- Dumping data for table `party`
--

INSERT INTO `party` (`sn`, `party_code`, `party_name`, `party_logo`, `motto`) VALUES
(14, 'LP', 'Labour Party', 'uploads/party_logos/1491231820_Labour_Party_(Nigeria)_logo.jpg', 'Forward Ever'),
(18, 'APC', 'All Progressives Congress', 'uploads/party_logos/_1491231663apcnewlogo.png', 'Change'),
(20, 'ACD', 'Accord', 'uploads/party_logos/1491231958_Accord-Party-logo.jpg', 'Oneness & Progress'),
(22, 'PDP', 'People''s Democratic Party', 'uploads/party_logos/1509041573__1491231638pdp-logo.jpg', 'power');

-- --------------------------------------------------------

--
-- Table structure for table `post`
--

CREATE TABLE IF NOT EXISTS `post` (
  `sn` int(2) NOT NULL AUTO_INCREMENT,
  `post_name` varchar(100) NOT NULL,
  PRIMARY KEY (`sn`),
  UNIQUE KEY `post_name` (`post_name`)
) ENGINE=InnoDB  DEFAULT CHARSET=utf8 AUTO_INCREMENT=16 ;

--
-- Dumping data for table `post`
--

INSERT INTO `post` (`sn`, `post_name`) VALUES
(12, 'Chairmanship'),
(14, 'Councillorship'),
(15, 'Presidentship');

-- --------------------------------------------------------

--
-- Table structure for table `registeration`
--

CREATE TABLE IF NOT EXISTS `registeration` (
  `sn` int(2) NOT NULL AUTO_INCREMENT,
  `voter_id` varchar(20) NOT NULL,
  `fname` varchar(50) NOT NULL,
  `mname` varchar(50) NOT NULL,
  `lname` varchar(50) NOT NULL,
  `address` varchar(50) NOT NULL,
  `occupation` varchar(50) NOT NULL,
  `gender` varchar(50) NOT NULL,
  `dob` varchar(50) NOT NULL,
  `age` int(5) NOT NULL,
  `status` varchar(20) NOT NULL,
  `passport` varchar(200) NOT NULL,
  `email_id` varchar(100) NOT NULL,
  `phn_no` varchar(11) NOT NULL,
  `nationality` varchar(50) NOT NULL,
  `state_origin` varchar(50) NOT NULL,
  `lga` varchar(50) NOT NULL,
  `ward` int(50) NOT NULL,
  `religion` varchar(50) NOT NULL,
  PRIMARY KEY (`sn`),
  UNIQUE KEY `voter_id_2` (`voter_id`),
  KEY `voter_id` (`voter_id`)
) ENGINE=InnoDB  DEFAULT CHARSET=utf8 AUTO_INCREMENT=27 ;

--
-- Dumping data for table `registeration`
--

INSERT INTO `registeration` (`sn`, `voter_id`, `fname`, `mname`, `lname`, `address`, `occupation`, `gender`, `dob`, `age`, `status`, `passport`, `email_id`, `phn_no`, `nationality`, `state_origin`, `lga`, `ward`, `religion`) VALUES
(17, 'V232139531696754183', 'Billyhadiah', 'Taofeeqoh', 'Adeola', 'Ringroad, Ibadan', 'Student', 'female', '04/12/2000', 16, 'single', 'uploads/voter_images/_1490627163IMG_16903108279178.jpeg', 'mykhayr@gmail.com', '07066402941', 'nigerian', 'Oyo', '638', 60, 'islam'),
(18, 'V378119499516672134', 'Ahmad', 'Adeniyi', 'Sharafudeen', 'Al-Madeenah center, esanu aje', 'Student', 'male', '03/09/1999', 18, 'single', 'uploads/voter_images/_1490652402DSC_6303.JPG', 'ahmadsharafudeen98@gmail.com', '09023233858', 'nigerian', 'Oyo', '653', 227, 'islam'),
(21, 'V216369848392431891', 'Zainab', 'Apinke', 'Sharafudeen', 'Al-Madeenah center, esanu aje', 'Student', 'male', '08/28/2000', 16, 'single', 'uploads/voter_images/_149071112314956516_1133259780088786_8276345323554250514_n.jpg', 'ahmadsharafudeen98@gmail.com', '09023233858', 'nigerian', 'oyo', 'onlg', 12, ''),
(22, 'V699989223399942469', 'Ameen', 'Abdul Kareem', 'Adeniyi', 'Al-Madeenah center, esanu aje', 'Student', 'male', '04/23/2000', 16, 'single', 'uploads/voter_images/_1490771170Habibat bch 20161228_070427.jpg', 'mykhayr@gmail.com', '07066402941', 'nigerian', 'Oyo', '654', 237, 'islam'),
(23, 'V469769487155427646', 'Shaakir', 'Abdul- Ghaniyy', 'Adelakun', 'Al-Madeenah center, esanu aje', 'Student', 'male', '04/04/2017', 18, 'single', 'uploads/voter_images/_1491313550Bell_Flowers_-_Windows_7.jpg', 'ahmadsharafudeen98@gmail.com', '09023233858', 'nigerian', 'Oyo', '635', 27, 'islam'),
(24, 'V995321769219943269', 'Adeleke', 'Abdul-Kabeer', 'Odunayo', 'Al-Madeenah center, Esanu aje, Ogbomoso', 'Student', 'male', '04/07/1997', 19, 'single', 'uploads/voter_images/_149154917527.jpg', 'ahmadsharafudeen98@gmail.com', '09034567848', 'nigerian', 'Lagos', '522', 1918, 'islam'),
(25, 'V445781841658338855', 'Ameen', 'Apinke', 'Adeola', 'Al-Madeenah center, Esanu aje, Ogbomoso', 'Student', 'male', '04/12/2008', 16, 'single', 'uploads/voter_images/_14917338302.jpg', 'ahmadsharafudeen98@gmail.com', '07066402941', 'nigerian', 'Osun', '615', 2196, 'islam'),
(26, 'V313113561617186134', 'Kabber', 'Abdul Kareem', 'Adeola', 'Al-Madeenah center, Esanu aje, Ogbomoso', 'Student', 'male', '04/09/2017', 18, 'single', 'uploads/voter_images/_14917339864.jpg', 'ahmadsharafudeen98@gmail.com', '07066402941', 'nigerian', 'Ekiti', '255', 1116, 'islam');

-- --------------------------------------------------------

--
-- Table structure for table `school_ward`
--

CREATE TABLE IF NOT EXISTS `school_ward` (
  `id` int(11) NOT NULL AUTO_INCREMENT,
  `ward_Name` varchar(255) NOT NULL,
  PRIMARY KEY (`id`)
) ENGINE=InnoDB  DEFAULT CHARSET=latin1 AUTO_INCREMENT=4 ;

--
-- Dumping data for table `school_ward`
--

INSERT INTO `school_ward` (`id`, `ward_Name`) VALUES
(1, 'STB'),
(2, 'ETF I'),
(3, 'ETF II');

-- --------------------------------------------------------

--
-- Table structure for table `users`
--

CREATE TABLE IF NOT EXISTS `users` (
  `sn` int(3) NOT NULL AUTO_INCREMENT,
  `username` varchar(40) NOT NULL,
  `password` varchar(400) NOT NULL,
  `privilege` varchar(20) NOT NULL DEFAULT 'STAFF',
  `user_image` varchar(300) NOT NULL,
  PRIMARY KEY (`sn`),
  UNIQUE KEY `username` (`username`)
) ENGINE=InnoDB  DEFAULT CHARSET=utf8 AUTO_INCREMENT=14 ;

--
-- Dumping data for table `users`
--

INSERT INTO `users` (`sn`, `username`, `password`, `privilege`, `user_image`) VALUES
(8, 'Ahmad', '8bd10a61f0d7f76f18e63431c4ec4cc8', 'STAFF', 'uploads/users/1491597293_0.jpg'),
(9, 'V445781841658338855', 'password', 'VOTER', 'uploads/voter_images/_14917338302.jpg'),
(10, 'voter_1', '25d55ad283aa400af464c76d713c07ad\n', 'VOTER', 'uploads/voter_images/_14917339864.jpg'),
(11, 'abdmud', '12345678', 'STAFF', 'uploads/users/1509055942_selfiecamera_2016-07-16-08-53-43-279.jpg'),
(12, 'ola', 'ola', 'STAFF', ''),
(13, 'staff01', 'a7d9b5b7c2186094cca3c6bffe02001f', 'STAFF', 'uploads/users/1517528563_selfiecamera_2016-03-17-09-20-37-980.jpg');

-- --------------------------------------------------------

--
-- Table structure for table `vote`
--

CREATE TABLE IF NOT EXISTS `vote` (
  `id` int(11) NOT NULL AUTO_INCREMENT,
  `Voters_Name` varchar(255) NOT NULL,
  `Aspirant` varchar(255) NOT NULL,
  `post_name` varchar(225) NOT NULL,
  `post_id` int(255) NOT NULL,
  `Action` varchar(255) NOT NULL,
  PRIMARY KEY (`id`)
) ENGINE=InnoDB  DEFAULT CHARSET=latin1 AUTO_INCREMENT=41 ;

--
-- Dumping data for table `vote`
--

INSERT INTO `vote` (`id`, `Voters_Name`, `Aspirant`, `post_name`, `post_id`, `Action`) VALUES
(22, 'abdmud', 'Salaudeen Hammed Olasunkanmi', 'Chairmanship', 12, 'Voted'),
(28, 'abdmud', 'Zakariyyah Mujaheedah Olorunju', 'Councillorship', 14, 'Voted'),
(35, 'V232139531696754183', 'Salaudeen Hammed Olasunkanmi', 'Chairmanship', 12, 'Voted'),
(38, 'V995321769219943269', 'Adeleke Abdul-Kabeer Odunayo', 'Chairmanship', 12, 'Voted'),
(39, 'V232139531696754183', 'Ahmad Adeniyi Sharafudeen', 'Councillorship', 14, 'Voted'),
(40, 'V232139531696754183', 'Abdulrasheed', 'Presidentship', 15, 'Voted');

-- --------------------------------------------------------

--
-- Table structure for table `ward`
--

CREATE TABLE IF NOT EXISTS `ward` (
  `sn` int(3) NOT NULL AUTO_INCREMENT,
  `ward_name` varchar(200) NOT NULL,
  `ward_number` int(3) NOT NULL,
  `lga_id` int(3) NOT NULL,
  PRIMARY KEY (`sn`),
  KEY `lga_id` (`lga_id`)
) ENGINE=InnoDB  DEFAULT CHARSET=utf8 AUTO_INCREMENT=2579 ;

--
-- Dumping data for table `ward`
--

INSERT INTO `ward` (`sn`, `ward_name`, `ward_number`, `lga_id`) VALUES
(2, 'Ilora I', 1, 633),
(3, 'Ilora II', 2, 633),
(4, 'Ilora III', 3, 633),
(5, 'Fiditi I', 4, 633),
(6, 'Fiditi II', 5, 633),
(7, 'Awe I', 6, 633),
(8, 'Awe II', 7, 633),
(9, 'Akinmorin/Jobele', 8, 633),
(10, 'Iware', 9, 633),
(11, 'Imini', 10, 633),
(12, 'Ikereku', 1, 634),
(14, 'Olanla/Oboda/Ladode', 2, 634),
(15, 'Arulogun/Eniosa/Aroro', 3, 634),
(16, 'Olode/Amosun/Onidundu', 4, 634),
(17, 'Ojoo-Emo/Moniya', 5, 634),
(18, 'Akinyele/Isabiyi/Irepodun', 6, 634),
(19, 'Iwokoto/Talontan/Idi Oro', 7, 634),
(20, 'Ojoo/Ajiibode/Laniba', 8, 634),
(21, 'Ijaye/Ojedeji', 9, 634),
(22, 'Ajibade/Alabata/Elekuru', 10, 634),
(23, 'Ororisaoko/Okegbemi/Mele', 11, 634),
(24, 'Iroko', 12, 634),
(25, 'Oke-Afin I', 1, 635),
(26, 'Oke-Afin II', 2, 635),
(27, 'Aremo', 3, 635),
(28, 'Bashorun', 4, 635),
(29, 'Agunpopo I', 5, 635),
(30, 'Agunpopo II', 6, 635),
(31, 'Agunopopo III', 7, 635),
(32, 'Ashipa I', 8, 635),
(33, 'Ashipa II', 9, 635),
(34, 'Ashipa III', 10, 635),
(35, 'Tede I', 1, 636),
(36, 'Tede II', 2, 636),
(37, 'Irawo I', 3, 636),
(38, 'Irawo II', 4, 636),
(39, 'Ofiki', 5, 636),
(40, 'Alaga', 6, 636),
(41, 'Ago Are', 7, 636),
(42, 'Ago Are II', 8, 636),
(43, 'Owo/Agunrege/Sabe', 9, 636),
(44, 'Bashi', 10, 636),
(45, 'Erunmu', 1, 637),
(46, 'Ayede/Alugbo/Koloko', 2, 637),
(47, 'Owobaale/Kasumu', 3, 637),
(48, 'Olodan/Ajiwogbo', 4, 637),
(49, 'Olodo/Kumipayi I', 5, 637),
(50, 'Olodo II', 6, 637),
(51, 'Olodo III', 7, 637),
(52, 'Osegere Awaye', 8, 637),
(53, 'Egbeda', 9, 637),
(54, 'Olodo/Alakia', 10, 637),
(55, 'Olubadan/Estate', 11, 637),
(56, 'Ward I, N2', 1, 638),
(57, 'Ward II, N3', 2, 638),
(58, 'Ward III, N4', 3, 638),
(59, 'Ward IV, N5A', 4, 638),
(60, 'Ward V, N5A', 5, 638),
(61, 'Ward V, N5B', 6, 638),
(62, 'Ward VI, N6A Part I', 7, 638),
(63, 'Ward VII, N6A Part II', 8, 638),
(64, 'Ward VIII, N6A Part III', 9, 638),
(65, 'Ward IX, N6B Part I', 10, 638),
(66, 'Ward X, N6B Part II', 11, 638),
(67, 'Ward XI, NWA', 12, 638),
(68, 'Ward XII, NWB', 13, 638),
(69, 'Ward I EI', 1, 639),
(70, 'Ward II E2', 2, 639),
(71, 'Ward III E3', 3, 639),
(72, 'Ward IV E4', 4, 639),
(73, 'Ward V E5 (A)', 5, 639),
(74, 'Ward VI E5 (B)', 6, 639),
(75, 'Ward VII E6', 7, 639),
(76, 'Ward VIII E7 (I)', 8, 639),
(77, 'Ward IX E7 (II)', 9, 639),
(78, 'Ward X 8', 10, 639),
(79, 'Ward XI E9 (I)', 11, 639),
(80, 'Ward XII E9 (II)', 12, 639),
(81, 'Ward I, NI (Part  1)', 1, 640),
(82, 'Ward 2, NI, (Part II)', 2, 640),
(83, 'Ward 3, NW I', 3, 640),
(84, 'Ward 4, NW 2', 4, 640),
(85, 'Ward 5, NW 3 (Part I)', 5, 640),
(86, 'Ward 6, NW 3 (Part I)', 6, 640),
(87, 'Ward 7, NW 4', 7, 640),
(88, 'Ward 8, NW 5', 8, 640),
(89, 'Ward 9, NW 6', 9, 640),
(90, 'Ward 10, NW 7', 10, 640),
(91, 'Ward 11, NW 7', 11, 640),
(92, 'CI', 1, 641),
(93, 'SI', 2, 641),
(94, 'S2A', 3, 641),
(95, 'S2B', 4, 641),
(96, 'S3', 5, 641),
(97, 'S4A', 6, 641),
(98, 'S4B', 7, 641),
(99, 'S5', 8, 641),
(100, 'S6A', 9, 641),
(101, 'S6B', 10, 641),
(102, 'S7A', 11, 641),
(103, 'S7B', 12, 641),
(104, 'Ward ICS', 1, 642),
(105, 'Ward 2SWI', 2, 642),
(106, 'Ward 3SW2', 3, 642),
(107, 'Ward SW3A & 3B', 4, 642),
(108, 'Ward 5', 5, 642),
(109, 'Ward 6', 6, 642),
(110, 'Ward 7', 7, 642),
(111, 'Ward 8', 8, 642),
(112, 'Ward 9', 9, 642),
(113, 'Ward 10', 10, 642),
(114, 'Ward 11', 11, 642),
(115, 'Ward 12', 12, 642),
(116, 'Idere I (Molete)', 1, 643),
(117, 'Idere II Ominigbo/Oke Oba', 2, 643),
(118, 'Idere III (Koso/Apa)', 3, 643),
(119, 'Iberekodo I (Pataoju)', 4, 643),
(120, 'Iberekodo II, (Agooro/Itabaale)', 5, 643),
(121, 'Idofin/Saganun Idofin I & II', 6, 643),
(122, 'Igbole/Pako', 7, 643),
(123, 'Isale-Oba', 8, 643),
(124, 'Okeserin I & II', 9, 643),
(125, 'Oke-Odo', 10, 643),
(126, 'Eruwa I', 1, 644),
(127, 'Eruwa II', 2, 644),
(128, 'Eruwa III', 3, 644),
(129, 'Eruwa IV', 4, 644),
(130, 'Eruwa V', 5, 644),
(131, 'Eruwa VI', 6, 644),
(132, 'Lanlate I', 7, 644),
(133, 'Lanlate II', 8, 644),
(134, 'Lanlate III', 9, 644),
(135, 'Lanlate IV', 10, 644),
(136, 'Ayete I', 1, 645),
(137, 'Ayete II', 2, 645),
(138, 'Igangan I', 3, 645),
(139, 'Iganagan II', 4, 645),
(140, 'Iganga III', 5, 645),
(141, 'Iganga IV', 6, 645),
(142, 'Ofiki I', 7, 645),
(143, 'Ofiki II', 8, 645),
(144, 'Tapa I', 9, 645),
(145, 'Tapa II', 10, 645),
(146, 'Aba Emo/Olaju/Alako', 1, 646),
(147, 'Akufo/Adigba/Araromi', 2, 646),
(148, 'Akinware/Akindele', 3, 646),
(149, 'Apete/Ayegu/Awotan', 4, 646),
(150, 'Batake/Idi-Iya', 5, 646),
(151, 'Irinwyusi/Koguo/Odetola', 6, 646),
(152, 'Fenwa/Ogunla/Elenusonso', 7, 646),
(153, 'Ido/Onikede/Okuna Awo', 8, 646),
(154, 'Omi Adio/Omi Onigbagbo Bakatari', 9, 646),
(155, 'Ogundele/Alaho/Siba/Idi-Ahun', 10, 646),
(156, 'Agoro', 1, 647),
(157, 'Ajugunna', 2, 647),
(158, 'Atipa', 3, 647),
(159, 'Iba I', 4, 647),
(160, 'Iba II', 5, 647),
(161, 'Iba III', 6, 647),
(162, 'Iba IV', 7, 647),
(163, 'Iba V', 8, 647),
(164, 'Ikolaba ', 9, 647),
(165, 'Laha/Ajana', 10, 647),
(166, 'Ado-Awaye', 1, 648),
(167, 'Akinwumi/Osoogun', 2, 648),
(168, 'Ekunle I', 3, 648),
(169, 'Ekunle II', 4, 648),
(170, 'Faramora', 5, 648),
(171, 'Ijemba/Oke-Ola/Oke-Oja', 6, 648),
(172, 'Isalu I', 7, 648),
(173, 'Isalu II', 8, 648),
(174, 'Koso I', 9, 648),
(175, 'Koso II', 10, 648),
(176, 'Ladogan/Oke Eyin', 11, 648),
(177, 'Babaode', 1, 649),
(178, 'Igbojaiye', 2, 649),
(179, 'Ipapo', 3, 649),
(180, 'Komu', 4, 649),
(181, 'Okaka I', 5, 649),
(182, 'Okaka II', 6, 649),
(183, 'Oke Amu', 7, 649),
(184, 'Out I', 8, 649),
(185, 'Out II', 9, 649),
(186, 'Owode/Ipapo', 10, 649),
(187, 'Agbaakin I', 1, 650),
(188, 'Agbaakin II', 2, 650),
(189, 'Iwere Ile I', 3, 650),
(190, 'Iwere Ile II', 4, 650),
(191, 'Iwere Ile III', 5, 650),
(192, 'Iwere Ile IV', 6, 650),
(193, 'Sabigana I', 7, 650),
(194, 'Sabigana II', 8, 650),
(195, 'Sabigana III', 9, 650),
(196, 'Sabigana IV', 10, 650),
(197, 'Ayetoro-Oke I', 1, 651),
(198, 'Elero', 2, 651),
(199, 'Gbelekale I & II', 3, 651),
(200, 'Eba-Ogan', 4, 651),
(201, 'Ijo', 5, 651),
(202, 'Ilaji Oke/Iwere-Oke', 6, 651),
(203, 'Imoba/Oke-Ogun', 7, 651),
(204, 'Isemi-Ile/Imia/Ilua', 8, 651),
(205, 'Isia', 9, 651),
(206, 'Kajola', 10, 651),
(207, 'Olele', 11, 651),
(208, 'Ajara/Opeodu', 1, 652),
(209, 'Apatere/Kuffi/Ogunbode/Ogo', 2, 652),
(210, 'Arulogunehin/Kelebe', 3, 652),
(211, 'Ejioku/Igbon/Ariku', 4, 652),
(212, 'Lagelu Market/Kajola/Gbena', 5, 652),
(213, 'Lagun', 6, 652),
(214, 'Lalupon I', 7, 652),
(215, 'Lalupon II', 8, 652),
(216, 'Lalupon III', 9, 652),
(217, 'Ofa-Igbo', 10, 652),
(218, 'Ogunjana/Olowode/Ogburo', 11, 652),
(219, 'Ognunremi/Ogusina', 12, 652),
(220, 'Oyedeji/Olode/Kutayi', 13, 652),
(221, 'Sagbe/Pabiekun', 14, 652),
(222, 'Abogunde', 1, 653),
(223, 'Aaje/Ogunbado/Oke Agbede', 2, 653),
(224, 'Aguodo/Masifa', 3, 653),
(225, 'Isale Afon', 4, 653),
(226, 'Isale Alaasa', 5, 653),
(227, 'Isale Ora/Saja', 6, 653),
(228, 'Jagun', 7, 653),
(229, 'Okelerin', 8, 653),
(230, 'Osupa', 9, 653),
(231, 'Sabo/Taara', 10, 653),
(232, 'Akata', 1, 654),
(233, 'Alapata', 2, 654),
(234, 'Arowomole', 3, 654),
(235, 'Ibapon', 4, 654),
(236, 'Ijeru I', 5, 654),
(237, 'Ijeru II', 6, 654),
(238, 'Ilogbo', 7, 654),
(239, 'Isoko', 8, 654),
(240, 'Lagbedu', 9, 654),
(241, 'Oke-Ola/Farm Settlement', 10, 654),
(242, 'Ajaawa I', 1, 655),
(243, 'Ajaawa II', 2, 655),
(244, 'Ayede', 3, 655),
(245, 'Aayetoro', 4, 655),
(246, 'Idewure', 5, 655),
(247, 'Lagbedu', 6, 655),
(248, 'Mowolowo/Iwoate', 7, 655),
(249, 'Odo-Oba', 8, 655),
(250, 'Opete', 9, 655),
(251, 'Omatokun', 10, 655),
(252, 'Aboke (Aboyun Ogun)', 1, 656),
(253, 'Elerugba/Elehinke/Sagbon (Aperu)', 2, 656),
(254, 'Ikolaba/Obadimo', 3, 656),
(255, 'Onigbeti I', 4, 656),
(256, 'Onigbeti II/Saagbon Agoro (Santo)', 5, 656),
(257, 'Onigbeti III & IV (Agbeni)', 6, 656),
(258, 'Opa/Ogunyiyi', 7, 656),
(259, 'Seriki I*Abosino (Okin)', 8, 656),
(260, 'Seriki II (Agbele)', 9, 656),
(261, 'Waro/Apata-Alaje', 10, 656),
(262, 'Ayegun', 1, 657),
(263, 'Idi-Iroko/Ikereku', 2, 657),
(264, 'Idi-Osan/Egbeda-Atuba', 3, 657),
(265, 'Moslem/Ogbere', 4, 657),
(266, 'Odo-Ona Nla', 5, 657),
(267, 'Okanhinde/Lagunde', 6, 657),
(268, 'Olomi/Olurinde', 7, 657),
(269, 'Olonde/Aba-Nla', 8, 657),
(270, 'Onipe', 9, 657),
(271, 'Orisunbare/Ojo-Ekun', 10, 657),
(272, 'Akanran/Olorunda', 1, 658),
(273, 'Araromi/Aperin', 2, 658),
(274, 'Badeku', 3, 658),
(275, 'Gbada Efon', 4, 658),
(276, 'Odiode Yale/Odiaperin', 5, 658),
(277, 'Ogbere', 6, 658),
(278, 'Ogbere Tioya', 7, 658),
(279, 'Ojoku/Ajia', 8, 658),
(280, 'Olorunsogo', 9, 658),
(281, 'Olode/Gbedun/Ojebode', 10, 658),
(282, 'Oremeji/Agugu', 11, 658),
(283, 'Aalepata', 1, 659),
(284, 'Aare', 2, 659),
(285, 'Bonni', 3, 659),
(286, 'Igbope/Iyeye', 4, 659),
(287, 'Igbope/Iyeye II', 5, 659),
(288, 'Igi Isubu', 6, 659),
(289, 'Ona Onibode I', 7, 659),
(290, 'Ona Onibode II', 8, 659),
(291, 'Ona Onibode III', 9, 659),
(292, 'Onigboh/Alamo/Okere', 10, 659),
(293, 'Oriire I', 1, 660),
(294, 'Oriire II', 2, 660),
(295, 'Oriire III', 3, 660),
(296, 'Oriire IV', 4, 660),
(297, 'Oriire V', 5, 660),
(298, 'Oriire VI', 6, 660),
(299, 'Oriire VII', 7, 660),
(300, 'Oriire VIII', 8, 660),
(301, 'Oriire IX', 9, 660),
(302, 'Oriire X', 10, 660),
(303, 'Agboye/Molete', 1, 661),
(304, 'Ajagba', 2, 661),
(305, 'Alaodi/Modeke', 3, 661),
(306, 'Apaara', 4, 661),
(307, 'Apinni', 5, 661),
(308, 'Balogun', 6, 661),
(309, 'Jabata', 7, 661),
(310, 'Oke Apo', 8, 661),
(311, 'Oluajo', 9, 661),
(312, 'Owode/Araromi', 10, 661),
(313, 'Akeetan', 1, 662),
(314, 'Ajokidero/Akewugberu', 2, 662),
(315, 'Fasola/Soku', 3, 662),
(316, 'Iseke', 4, 662),
(317, 'Isokun I', 5, 662),
(318, 'Isokun II', 6, 662),
(319, 'Iyaji', 7, 662),
(320, 'Opapa', 8, 662),
(321, 'Owode', 9, 662),
(322, 'Pakoyi/Idode', 10, 662),
(323, 'Agbonle', 1, 663),
(324, 'Ago Amodu I', 2, 663),
(325, 'Ago Amodu II', 3, 663),
(326, 'Ogbooro I', 4, 663),
(327, 'Ogbooro II', 5, 663),
(328, 'Oje Owode I', 6, 663),
(329, 'Oje Owode II', 7, 663),
(330, 'Sepeteri I', 8, 663),
(331, 'Sepeteri II', 9, 663),
(332, 'Sepeteri III', 10, 663),
(333, 'Sepeteri IV', 11, 663),
(334, 'Agnmu/Kooko', 1, 664),
(335, 'Ajengunle', 2, 664),
(336, 'Bagi', 3, 664),
(337, 'Eko-Kan Mua', 4, 664),
(338, 'Iya', 5, 664),
(339, 'Ogidigbo/Kinnkinn', 6, 664),
(340, 'Oke Oro', 7, 664),
(341, 'Okere I', 8, 664),
(342, 'Okere II', 9, 664),
(344, 'Sangote/Booda/Ojua/Baabo', 10, 664),
(345, 'Sepeteri/Bapon', 11, 664),
(346, 'Baaye-Oje', 1, 665),
(347, 'Igbon/Gambari', 2, 665),
(348, 'Iresaadu I (Iresaapa)', 3, 665),
(349, 'Iresaadu II (Arolu)', 4, 665),
(350, 'Iresaadu III', 5, 665),
(351, 'Iresaadu IV (Iregba)', 6, 665),
(352, 'Iwofin', 7, 665),
(353, 'Oko I', 8, 665),
(354, 'Oko II (Ilajue)', 9, 665),
(355, 'Oko III (Mayin)', 10, 665),
(356, '0', 1, 2),
(357, '1', 2, 2),
(358, '2', 3, 2),
(359, '3', 4, 3),
(360, '4', 5, 3),
(361, '5', 6, 3),
(362, '6', 7, 4),
(363, '7', 8, 4),
(364, '8', 9, 4),
(365, '9', 10, 5),
(366, '10', 11, 5),
(367, '11', 12, 5),
(368, '12', 13, 6),
(369, '13', 14, 6),
(370, '14', 15, 6),
(371, '15', 16, 7),
(372, '16', 17, 7),
(373, '17', 18, 7),
(374, '18', 19, 8),
(375, '19', 20, 8),
(376, '20', 21, 8),
(377, '21', 22, 9),
(378, '22', 23, 9),
(379, '23', 24, 9),
(380, '24', 25, 10),
(381, '25', 26, 10),
(382, '26', 27, 10),
(383, '27', 28, 11),
(384, '28', 29, 11),
(385, '29', 30, 11),
(386, '30', 31, 12),
(387, '31', 32, 12),
(388, '32', 33, 12),
(389, '33', 34, 13),
(390, '34', 35, 13),
(391, '35', 36, 13),
(392, '36', 37, 14),
(393, '37', 38, 14),
(394, '38', 39, 14),
(395, '39', 40, 15),
(396, '40', 41, 15),
(397, '41', 42, 15),
(398, '42', 43, 16),
(399, '43', 44, 16),
(400, '44', 45, 16),
(401, '45', 46, 17),
(402, '46', 47, 17),
(403, '47', 48, 17),
(404, '48', 49, 18),
(405, '49', 50, 18),
(406, '50', 51, 18),
(407, '51', 52, 19),
(408, '52', 53, 19),
(409, '53', 54, 19),
(410, '54', 55, 20),
(411, '55', 56, 20),
(412, '56', 57, 20),
(413, '57', 58, 21),
(414, '58', 59, 21),
(415, '59', 60, 21),
(416, '60', 61, 22),
(417, '61', 62, 22),
(418, '62', 63, 22),
(419, '63', 64, 23),
(420, '64', 65, 23),
(421, '65', 66, 23),
(422, '66', 67, 24),
(423, '67', 68, 24),
(424, '68', 69, 24),
(425, '69', 70, 25),
(426, '70', 71, 25),
(427, '71', 72, 25),
(428, '72', 73, 26),
(429, '73', 74, 26),
(430, '74', 75, 26),
(431, '75', 76, 27),
(432, '76', 77, 27),
(433, '77', 78, 27),
(434, '78', 79, 28),
(435, '79', 80, 28),
(436, '80', 81, 28),
(437, '81', 82, 29),
(438, '82', 83, 29),
(439, '83', 84, 29),
(440, '84', 85, 30),
(441, '85', 86, 30),
(442, '86', 87, 30),
(443, '87', 88, 31),
(444, '88', 89, 31),
(445, '89', 90, 31),
(446, '90', 91, 32),
(447, '91', 92, 32),
(448, '92', 93, 32),
(449, '93', 94, 33),
(450, '94', 95, 33),
(451, '95', 96, 33),
(452, '96', 97, 34),
(453, '97', 98, 34),
(454, '98', 99, 34),
(455, '99', 100, 35),
(456, '100', 101, 35),
(457, '101', 102, 35),
(458, '102', 103, 36),
(459, '103', 104, 36),
(460, '104', 105, 36),
(461, '105', 106, 37),
(462, '106', 107, 37),
(463, '107', 108, 37),
(464, '108', 109, 38),
(465, '109', 110, 38),
(466, '110', 111, 38),
(467, '111', 112, 39),
(468, '112', 113, 39),
(469, '113', 114, 39),
(470, '114', 115, 40),
(471, '115', 116, 40),
(472, '116', 117, 40),
(473, '117', 118, 41),
(474, '118', 119, 41),
(475, '119', 120, 41),
(476, '120', 121, 42),
(477, '121', 122, 42),
(478, '122', 123, 42),
(479, '123', 124, 43),
(480, '124', 125, 43),
(481, '125', 126, 43),
(482, '126', 127, 44),
(483, '127', 128, 44),
(484, '128', 129, 44),
(485, '129', 130, 45),
(486, '130', 131, 45),
(487, '131', 132, 45),
(488, '132', 133, 46),
(489, '133', 134, 46),
(490, '134', 135, 46),
(491, '135', 136, 47),
(492, '136', 137, 47),
(493, '137', 138, 47),
(494, '138', 139, 48),
(495, '139', 140, 48),
(496, '140', 141, 48),
(497, '141', 142, 49),
(498, '142', 143, 49),
(499, '143', 144, 49),
(500, '144', 145, 50),
(501, '145', 146, 50),
(502, '146', 147, 50),
(503, '147', 148, 51),
(504, '148', 149, 51),
(505, '149', 150, 51),
(506, '150', 151, 52),
(507, '151', 152, 52),
(508, '152', 153, 52),
(509, '153', 154, 53),
(510, '154', 155, 53),
(511, '155', 156, 53),
(512, '156', 157, 54),
(513, '157', 158, 54),
(514, '158', 159, 54),
(515, '159', 160, 55),
(516, '160', 161, 55),
(517, '161', 162, 55),
(518, '162', 163, 56),
(519, '163', 164, 56),
(520, '164', 165, 56),
(521, '165', 166, 57),
(522, '166', 167, 57),
(523, '167', 168, 57),
(524, '168', 169, 58),
(525, '169', 170, 58),
(526, '170', 171, 58),
(527, '171', 172, 59),
(528, '172', 173, 59),
(529, '173', 174, 59),
(530, '174', 175, 60),
(531, '175', 176, 60),
(532, '176', 177, 60),
(533, '177', 178, 61),
(534, '178', 179, 61),
(535, '179', 180, 61),
(536, '180', 181, 62),
(537, '181', 182, 62),
(538, '182', 183, 62),
(539, '183', 184, 63),
(540, '184', 185, 63),
(541, '185', 186, 63),
(542, '186', 187, 64),
(543, '187', 188, 64),
(544, '188', 189, 64),
(545, '189', 190, 65),
(546, '190', 191, 65),
(547, '191', 192, 65),
(548, '192', 193, 66),
(549, '193', 194, 66),
(550, '194', 195, 66),
(551, '195', 196, 67),
(552, '196', 197, 67),
(553, '197', 198, 67),
(554, '198', 199, 68),
(555, '199', 200, 68),
(556, '200', 201, 68),
(557, '201', 202, 69),
(558, '202', 203, 69),
(559, '203', 204, 69),
(560, '204', 205, 70),
(561, '205', 206, 70),
(562, '206', 207, 70),
(563, '207', 208, 71),
(564, '208', 209, 71),
(565, '209', 210, 71),
(566, '210', 211, 72),
(567, '211', 212, 72),
(568, '212', 213, 72),
(569, '213', 214, 73),
(570, '214', 215, 73),
(571, '215', 216, 73),
(572, '216', 217, 74),
(573, '217', 218, 74),
(574, '218', 219, 74),
(575, '219', 220, 75),
(576, '220', 221, 75),
(577, '221', 222, 75),
(578, '222', 223, 76),
(579, '223', 224, 76),
(580, '224', 225, 76),
(581, '225', 226, 77),
(582, '226', 227, 77),
(583, '227', 228, 77),
(584, '228', 229, 78),
(585, '229', 230, 78),
(586, '230', 231, 78),
(587, '231', 232, 79),
(588, '232', 233, 79),
(589, '233', 234, 79),
(590, '234', 235, 80),
(591, '235', 236, 80),
(592, '236', 237, 80),
(593, '237', 238, 81),
(594, '238', 239, 81),
(595, '239', 240, 81),
(596, '240', 241, 82),
(597, '241', 242, 82),
(598, '242', 243, 82),
(599, '243', 244, 83),
(600, '244', 245, 83),
(601, '245', 246, 83),
(602, '246', 247, 84),
(603, '247', 248, 84),
(604, '248', 249, 84),
(605, '249', 250, 85),
(606, '250', 251, 85),
(607, '251', 252, 85),
(608, '252', 253, 86),
(609, '253', 254, 86),
(610, '254', 255, 86),
(611, '255', 256, 87),
(612, '256', 257, 87),
(613, '257', 258, 87),
(614, '258', 259, 88),
(615, '259', 260, 88),
(616, '260', 261, 88),
(617, '261', 262, 89),
(618, '262', 263, 89),
(619, '263', 264, 89),
(620, '264', 265, 90),
(621, '265', 266, 90),
(622, '266', 267, 90),
(623, '267', 268, 91),
(624, '268', 269, 91),
(625, '269', 270, 91),
(626, '270', 271, 92),
(627, '271', 272, 92),
(628, '272', 273, 92),
(629, '273', 274, 93),
(630, '274', 275, 93),
(631, '275', 276, 93),
(632, '276', 277, 94),
(633, '277', 278, 94),
(634, '278', 279, 94),
(635, '279', 280, 95),
(636, '280', 281, 95),
(637, '281', 282, 95),
(638, '282', 283, 96),
(639, '283', 284, 96),
(640, '284', 285, 96),
(641, '285', 286, 97),
(642, '286', 287, 97),
(643, '287', 288, 97),
(644, '288', 289, 98),
(645, '289', 290, 98),
(646, '290', 291, 98),
(647, '291', 292, 99),
(648, '292', 293, 99),
(649, '293', 294, 99),
(650, '294', 295, 100),
(651, '295', 296, 100),
(652, '296', 297, 100),
(653, '297', 298, 101),
(654, '298', 299, 101),
(655, '299', 300, 101),
(656, '300', 301, 102),
(657, '301', 302, 102),
(658, '302', 303, 102),
(659, '303', 304, 103),
(660, '304', 305, 103),
(661, '305', 306, 103),
(662, '306', 307, 104),
(663, '307', 308, 104),
(664, '308', 309, 104),
(665, '309', 310, 105),
(666, '310', 311, 105),
(667, '311', 312, 105),
(668, '312', 313, 106),
(669, '313', 314, 106),
(670, '314', 315, 106),
(671, '315', 316, 107),
(672, '316', 317, 107),
(673, '317', 318, 107),
(674, '318', 319, 108),
(675, '319', 320, 108),
(676, '320', 321, 108),
(677, '321', 322, 109),
(678, '322', 323, 109),
(679, '323', 324, 109),
(680, '324', 325, 110),
(681, '325', 326, 110),
(682, '326', 327, 110),
(683, '327', 328, 111),
(684, '328', 329, 111),
(685, '329', 330, 111),
(686, '330', 331, 112),
(687, '331', 332, 112),
(688, '332', 333, 112),
(689, '333', 334, 113),
(690, '334', 335, 113),
(691, '335', 336, 113),
(692, '336', 337, 114),
(693, '337', 338, 114),
(694, '338', 339, 114),
(695, '339', 340, 115),
(696, '340', 341, 115),
(697, '341', 342, 115),
(698, '342', 343, 116),
(699, '343', 344, 116),
(700, '344', 345, 116),
(701, '345', 346, 117),
(702, '346', 347, 117),
(703, '347', 348, 117),
(704, '348', 349, 118),
(705, '349', 350, 118),
(706, '350', 351, 118),
(707, '351', 352, 119),
(708, '352', 353, 119),
(709, '353', 354, 119),
(710, '354', 355, 120),
(711, '355', 356, 120),
(712, '356', 357, 120),
(713, '357', 358, 121),
(714, '358', 359, 121),
(715, '359', 360, 121),
(716, '360', 361, 122),
(717, '361', 362, 122),
(718, '362', 363, 122),
(719, '363', 364, 123),
(720, '364', 365, 123),
(721, '365', 366, 123),
(722, '366', 367, 124),
(723, '367', 368, 124),
(724, '368', 369, 124),
(725, '369', 370, 125),
(726, '370', 371, 125),
(727, '371', 372, 125),
(728, '372', 373, 126),
(729, '373', 374, 126),
(730, '374', 375, 126),
(731, '375', 376, 127),
(732, '376', 377, 127),
(733, '377', 378, 127),
(734, '378', 379, 128),
(735, '379', 380, 128),
(736, '380', 381, 128),
(737, '381', 382, 129),
(738, '382', 383, 129),
(739, '383', 384, 129),
(740, '384', 385, 130),
(741, '385', 386, 130),
(742, '386', 387, 130),
(743, '387', 388, 131),
(744, '388', 389, 131),
(745, '389', 390, 131),
(746, '390', 391, 132),
(747, '391', 392, 132),
(748, '392', 393, 132),
(749, '393', 394, 133),
(750, '394', 395, 133),
(751, '395', 396, 133),
(752, '396', 397, 134),
(753, '397', 398, 134),
(754, '398', 399, 134),
(755, '399', 400, 135),
(756, '400', 401, 135),
(757, '401', 402, 135),
(758, '402', 403, 136),
(759, '403', 404, 136),
(760, '404', 405, 136),
(761, '405', 406, 137),
(762, '406', 407, 137),
(763, '407', 408, 137),
(764, '408', 409, 138),
(765, '409', 410, 138),
(766, '410', 411, 138),
(767, '411', 412, 139),
(768, '412', 413, 139),
(769, '413', 414, 139),
(770, '414', 415, 140),
(771, '415', 416, 140),
(772, '416', 417, 140),
(773, '417', 418, 141),
(774, '418', 419, 141),
(775, '419', 420, 141),
(776, '420', 421, 142),
(777, '421', 422, 142),
(778, '422', 423, 142),
(779, '423', 424, 143),
(780, '424', 425, 143),
(781, '425', 426, 143),
(782, '426', 427, 144),
(783, '427', 428, 144),
(784, '428', 429, 144),
(785, '429', 430, 145),
(786, '430', 431, 145),
(787, '431', 432, 145),
(788, '432', 433, 146),
(789, '433', 434, 146),
(790, '434', 435, 146),
(791, '435', 436, 147),
(792, '436', 437, 147),
(793, '437', 438, 147),
(794, '438', 439, 148),
(795, '439', 440, 148),
(796, '440', 441, 148),
(797, '441', 442, 149),
(798, '442', 443, 149),
(799, '443', 444, 149),
(800, '444', 445, 150),
(801, '445', 446, 150),
(802, '446', 447, 150),
(803, '447', 448, 151),
(804, '448', 449, 151),
(805, '449', 450, 151),
(806, '450', 451, 152),
(807, '451', 452, 152),
(808, '452', 453, 152),
(809, '453', 454, 153),
(810, '454', 455, 153),
(811, '455', 456, 153),
(812, '456', 457, 154),
(813, '457', 458, 154),
(814, '458', 459, 154),
(815, '459', 460, 155),
(816, '460', 461, 155),
(817, '461', 462, 155),
(818, '462', 463, 156),
(819, '463', 464, 156),
(820, '464', 465, 156),
(821, '465', 466, 157),
(822, '466', 467, 157),
(823, '467', 468, 157),
(824, '468', 469, 158),
(825, '469', 470, 158),
(826, '470', 471, 158),
(827, '471', 472, 159),
(828, '472', 473, 159),
(829, '473', 474, 159),
(830, '474', 475, 160),
(831, '475', 476, 160),
(832, '476', 477, 160),
(833, '477', 478, 161),
(834, '478', 479, 161),
(835, '479', 480, 161),
(836, '480', 481, 162),
(837, '481', 482, 162),
(838, '482', 483, 162),
(839, '483', 484, 163),
(840, '484', 485, 163),
(841, '485', 486, 163),
(842, '486', 487, 164),
(843, '487', 488, 164),
(844, '488', 489, 164),
(845, '489', 490, 165),
(846, '490', 491, 165),
(847, '491', 492, 165),
(848, '492', 493, 166),
(849, '493', 494, 166),
(850, '494', 495, 166),
(851, '495', 496, 167),
(852, '496', 497, 167),
(853, '497', 498, 167),
(854, '498', 499, 168),
(855, '499', 500, 168),
(856, '500', 501, 168),
(857, '501', 502, 169),
(858, '502', 503, 169),
(859, '503', 504, 169),
(860, '504', 505, 170),
(861, '505', 506, 170),
(862, '506', 507, 170),
(863, '507', 508, 171),
(864, '508', 509, 171),
(865, '509', 510, 171),
(866, '510', 511, 172),
(867, '511', 512, 172),
(868, '512', 513, 172),
(869, '513', 514, 173),
(870, '514', 515, 173),
(871, '515', 516, 173),
(872, '516', 517, 174),
(873, '517', 518, 174),
(874, '518', 519, 174),
(875, '519', 520, 175),
(876, '520', 521, 175),
(877, '521', 522, 175),
(878, '522', 523, 176),
(879, '523', 524, 176),
(880, '524', 525, 176),
(881, '525', 526, 177),
(882, '526', 527, 177),
(883, '527', 528, 177),
(884, '528', 529, 178),
(885, '529', 530, 178),
(886, '530', 531, 178),
(887, '531', 532, 179),
(888, '532', 533, 179),
(889, '533', 534, 179),
(890, '534', 535, 180),
(891, '535', 536, 180),
(892, '536', 537, 180),
(893, '537', 538, 181),
(894, '538', 539, 181),
(895, '539', 540, 181),
(896, '540', 541, 182),
(897, '541', 542, 182),
(898, '542', 543, 182),
(899, '543', 544, 183),
(900, '544', 545, 183),
(901, '545', 546, 183),
(902, '546', 547, 184),
(903, '547', 548, 184),
(904, '548', 549, 184),
(905, '549', 550, 185),
(906, '550', 551, 185),
(907, '551', 552, 185),
(908, '552', 553, 186),
(909, '553', 554, 186),
(910, '554', 555, 186),
(911, '555', 556, 187),
(912, '556', 557, 187),
(913, '557', 558, 187),
(914, '558', 559, 188),
(915, '559', 560, 188),
(916, '560', 561, 188),
(917, '561', 562, 189),
(918, '562', 563, 189),
(919, '563', 564, 189),
(920, '564', 565, 190),
(921, '565', 566, 190),
(922, '566', 567, 190),
(923, '567', 568, 191),
(924, '568', 569, 191),
(925, '569', 570, 191),
(926, '570', 571, 192),
(927, '571', 572, 192),
(928, '572', 573, 192),
(929, '573', 574, 193),
(930, '574', 575, 193),
(931, '575', 576, 193),
(932, '576', 577, 194),
(933, '577', 578, 194),
(934, '578', 579, 194),
(935, '579', 580, 195),
(936, '580', 581, 195),
(937, '581', 582, 195),
(938, '582', 583, 196),
(939, '583', 584, 196),
(940, '584', 585, 196),
(941, '585', 586, 197),
(942, '586', 587, 197),
(943, '587', 588, 197),
(944, '588', 589, 198),
(945, '589', 590, 198),
(946, '590', 591, 198),
(947, '591', 592, 199),
(948, '592', 593, 199),
(949, '593', 594, 199),
(950, '594', 595, 200),
(951, '595', 596, 200),
(952, '596', 597, 200),
(953, '597', 598, 201),
(954, '598', 599, 201),
(955, '599', 600, 201),
(956, '600', 601, 202),
(957, '601', 602, 202),
(958, '602', 603, 202),
(959, '603', 604, 203),
(960, '604', 605, 203),
(961, '605', 606, 203),
(962, '606', 607, 204),
(963, '607', 608, 204),
(964, '608', 609, 204),
(965, '609', 610, 205),
(966, '610', 611, 205),
(967, '611', 612, 205),
(968, '612', 613, 206),
(969, '613', 614, 206),
(970, '614', 615, 206),
(971, '615', 616, 207),
(972, '616', 617, 207),
(973, '617', 618, 207),
(974, '618', 619, 208),
(975, '619', 620, 208),
(976, '620', 621, 208),
(977, '621', 622, 209),
(978, '622', 623, 209),
(979, '623', 624, 209),
(980, '624', 625, 210),
(981, '625', 626, 210),
(982, '626', 627, 210),
(983, '627', 628, 211),
(984, '628', 629, 211),
(985, '629', 630, 211),
(986, '630', 631, 212),
(987, '631', 632, 212),
(988, '632', 633, 212),
(989, '633', 634, 213),
(990, '634', 635, 213),
(991, '635', 636, 213),
(992, '636', 637, 214),
(993, '637', 638, 214),
(994, '638', 639, 214),
(995, '639', 640, 215),
(996, '640', 641, 215),
(997, '641', 642, 215),
(998, '642', 643, 216),
(999, '643', 644, 216),
(1000, '644', 645, 216),
(1001, '645', 646, 217),
(1002, '646', 647, 217),
(1003, '647', 648, 217),
(1004, '648', 649, 218),
(1005, '649', 650, 218),
(1006, '650', 651, 218),
(1007, '651', 652, 219),
(1008, '652', 653, 219),
(1009, '653', 654, 219),
(1010, '654', 655, 220),
(1011, '655', 656, 220),
(1012, '656', 657, 220),
(1013, '657', 658, 221),
(1014, '658', 659, 221),
(1015, '659', 660, 221),
(1016, '660', 661, 222),
(1017, '661', 662, 222),
(1018, '662', 663, 222),
(1019, '663', 664, 223),
(1020, '664', 665, 223),
(1021, '665', 666, 223),
(1022, '666', 667, 224),
(1023, '667', 668, 224),
(1024, '668', 669, 224),
(1025, '669', 670, 225),
(1026, '670', 671, 225),
(1027, '671', 672, 225),
(1028, '672', 673, 226),
(1029, '673', 674, 226),
(1030, '674', 675, 226),
(1031, '675', 676, 227),
(1032, '676', 677, 227),
(1033, '677', 678, 227),
(1034, '678', 679, 228),
(1035, '679', 680, 228),
(1036, '680', 681, 228),
(1037, '681', 682, 229),
(1038, '682', 683, 229),
(1039, '683', 684, 229),
(1040, '684', 685, 230),
(1041, '685', 686, 230),
(1042, '686', 687, 230),
(1043, '687', 688, 231),
(1044, '688', 689, 231),
(1045, '689', 690, 231),
(1046, '690', 691, 232),
(1047, '691', 692, 232),
(1048, '692', 693, 232),
(1049, '0', 1, 233),
(1050, '1', 2, 233),
(1051, '2', 3, 233),
(1052, '3', 4, 234),
(1053, '4', 5, 234),
(1054, '5', 6, 234),
(1055, '6', 7, 235),
(1056, '7', 8, 235),
(1057, '8', 9, 235),
(1058, '9', 10, 236),
(1059, '10', 11, 236),
(1060, '11', 12, 236),
(1061, '12', 13, 237),
(1062, '13', 14, 237),
(1063, '14', 15, 237),
(1064, '15', 16, 238),
(1065, '16', 17, 238),
(1066, '17', 18, 238),
(1067, '18', 19, 239),
(1068, '19', 20, 239),
(1069, '20', 21, 239),
(1070, '21', 22, 240),
(1071, '22', 23, 240),
(1072, '23', 24, 240),
(1073, '24', 25, 241),
(1074, '25', 26, 241),
(1075, '26', 27, 241),
(1076, '27', 28, 242),
(1077, '28', 29, 242),
(1078, '29', 30, 242),
(1079, '30', 31, 243),
(1080, '31', 32, 243),
(1081, '32', 33, 243),
(1082, '33', 34, 244),
(1083, '34', 35, 244),
(1084, '35', 36, 244),
(1085, '36', 37, 245),
(1086, '37', 38, 245),
(1087, '38', 39, 245),
(1088, '39', 40, 246),
(1089, '40', 41, 246),
(1090, '41', 42, 246),
(1091, '42', 43, 247),
(1092, '43', 44, 247),
(1093, '44', 45, 247),
(1094, '45', 46, 248),
(1095, '46', 47, 248),
(1096, '47', 48, 248),
(1097, '48', 49, 249),
(1098, '49', 50, 249),
(1099, '50', 51, 249),
(1100, '51', 52, 250),
(1101, '52', 53, 250),
(1102, '53', 54, 250),
(1103, '54', 55, 251),
(1104, '55', 56, 251),
(1105, '56', 57, 251),
(1106, '57', 58, 252),
(1107, '58', 59, 252),
(1108, '59', 60, 252),
(1109, '60', 61, 253),
(1110, '61', 62, 253),
(1111, '62', 63, 253),
(1112, '63', 64, 254),
(1113, '64', 65, 254),
(1114, '65', 66, 254),
(1115, '66', 67, 255),
(1116, '67', 68, 255),
(1117, '68', 69, 255),
(1118, '69', 70, 256),
(1119, '70', 71, 256),
(1120, '71', 72, 256),
(1121, '72', 73, 257),
(1122, '73', 74, 257),
(1123, '74', 75, 257),
(1124, '75', 76, 258),
(1125, '76', 77, 258),
(1126, '77', 78, 258),
(1127, '78', 79, 259),
(1128, '79', 80, 259),
(1129, '80', 81, 259),
(1130, '81', 82, 260),
(1131, '82', 83, 260),
(1132, '83', 84, 260),
(1133, '84', 85, 261),
(1134, '85', 86, 261),
(1135, '86', 87, 261),
(1136, '87', 88, 262),
(1137, '88', 89, 262),
(1138, '89', 90, 262),
(1139, '90', 91, 263),
(1140, '91', 92, 263),
(1141, '92', 93, 263),
(1142, '93', 94, 264),
(1143, '94', 95, 264),
(1144, '95', 96, 264),
(1145, '96', 97, 265),
(1146, '97', 98, 265),
(1147, '98', 99, 265),
(1148, '99', 100, 266),
(1149, '100', 101, 266),
(1150, '101', 102, 266),
(1151, '102', 103, 267),
(1152, '103', 104, 267),
(1153, '104', 105, 267),
(1154, '105', 106, 268),
(1155, '106', 107, 268),
(1156, '107', 108, 268),
(1157, '108', 109, 269),
(1158, '109', 110, 269),
(1159, '110', 111, 269),
(1160, '111', 112, 270),
(1161, '112', 113, 270),
(1162, '113', 114, 270),
(1163, '114', 115, 271),
(1164, '115', 116, 271),
(1165, '116', 117, 271),
(1166, '117', 118, 272),
(1167, '118', 119, 272),
(1168, '119', 120, 272),
(1169, '120', 121, 273),
(1170, '121', 122, 273),
(1171, '122', 123, 273),
(1172, '123', 124, 274),
(1173, '124', 125, 274),
(1174, '125', 126, 274),
(1175, '126', 127, 275),
(1176, '127', 128, 275),
(1177, '128', 129, 275),
(1178, '129', 130, 276),
(1179, '130', 131, 276),
(1180, '131', 132, 276),
(1181, '132', 133, 277),
(1182, '133', 134, 277),
(1183, '134', 135, 277),
(1184, '135', 136, 278),
(1185, '136', 137, 278),
(1186, '137', 138, 278),
(1187, '138', 139, 279),
(1188, '139', 140, 279),
(1189, '140', 141, 279),
(1190, '141', 142, 280),
(1191, '142', 143, 280),
(1192, '143', 144, 280),
(1193, '144', 145, 281),
(1194, '145', 146, 281),
(1195, '146', 147, 281),
(1196, '147', 148, 282),
(1197, '148', 149, 282),
(1198, '149', 150, 282),
(1199, '150', 151, 283),
(1200, '151', 152, 283),
(1201, '152', 153, 283),
(1202, '153', 154, 284),
(1203, '154', 155, 284),
(1204, '155', 156, 284),
(1205, '156', 157, 285),
(1206, '157', 158, 285),
(1207, '158', 159, 285),
(1208, '159', 160, 286),
(1209, '160', 161, 286),
(1210, '161', 162, 286),
(1211, '162', 163, 287),
(1212, '163', 164, 287),
(1213, '164', 165, 287),
(1214, '165', 166, 288),
(1215, '166', 167, 288),
(1216, '167', 168, 288),
(1217, '168', 169, 289),
(1218, '169', 170, 289),
(1219, '170', 171, 289),
(1220, '171', 172, 290),
(1221, '172', 173, 290),
(1222, '173', 174, 290),
(1223, '174', 175, 291),
(1224, '175', 176, 291),
(1225, '176', 177, 291),
(1226, '177', 178, 292),
(1227, '178', 179, 292),
(1228, '179', 180, 292),
(1229, '180', 181, 293),
(1230, '181', 182, 293),
(1231, '182', 183, 293),
(1232, '183', 184, 294),
(1233, '184', 185, 294),
(1234, '185', 186, 294),
(1235, '186', 187, 295),
(1236, '187', 188, 295),
(1237, '188', 189, 295),
(1238, '189', 190, 296),
(1239, '190', 191, 296),
(1240, '191', 192, 296),
(1241, '192', 193, 297),
(1242, '193', 194, 297),
(1243, '194', 195, 297),
(1244, '195', 196, 298),
(1245, '196', 197, 298),
(1246, '197', 198, 298),
(1247, '198', 199, 299),
(1248, '199', 200, 299),
(1249, '200', 201, 299),
(1250, '201', 202, 300),
(1251, '202', 203, 300),
(1252, '203', 204, 300),
(1253, '204', 205, 301),
(1254, '205', 206, 301),
(1255, '206', 207, 301),
(1256, '207', 208, 302),
(1257, '208', 209, 302),
(1258, '209', 210, 302),
(1259, '210', 211, 303),
(1260, '211', 212, 303),
(1261, '212', 213, 303),
(1262, '213', 214, 304),
(1263, '214', 215, 304),
(1264, '215', 216, 304),
(1265, '216', 217, 305),
(1266, '217', 218, 305),
(1267, '218', 219, 305),
(1268, '219', 220, 306),
(1269, '220', 221, 306),
(1270, '221', 222, 306),
(1271, '222', 223, 307),
(1272, '223', 224, 307),
(1273, '224', 225, 307),
(1274, '225', 226, 308),
(1275, '226', 227, 308),
(1276, '227', 228, 308),
(1277, '228', 229, 309),
(1278, '229', 230, 309),
(1279, '230', 231, 309),
(1280, '231', 232, 310),
(1281, '232', 233, 310),
(1282, '233', 234, 310),
(1283, '234', 235, 311),
(1284, '235', 236, 311),
(1285, '236', 237, 311),
(1286, '237', 238, 312),
(1287, '238', 239, 312),
(1288, '239', 240, 312),
(1289, '240', 241, 313),
(1290, '241', 242, 313),
(1291, '242', 243, 313),
(1292, '243', 244, 314),
(1293, '244', 245, 314),
(1294, '245', 246, 314),
(1295, '246', 247, 315),
(1296, '247', 248, 315),
(1297, '248', 249, 315),
(1298, '249', 250, 316),
(1299, '250', 251, 316),
(1300, '251', 252, 316),
(1301, '252', 253, 317),
(1302, '253', 254, 317),
(1303, '254', 255, 317),
(1304, '255', 256, 318),
(1305, '256', 257, 318),
(1306, '257', 258, 318),
(1307, '258', 259, 319),
(1308, '259', 260, 319),
(1309, '260', 261, 319),
(1310, '261', 262, 320),
(1311, '262', 263, 320),
(1312, '263', 264, 320),
(1313, '264', 265, 321),
(1314, '265', 266, 321),
(1315, '266', 267, 321),
(1316, '267', 268, 322),
(1317, '268', 269, 322),
(1318, '269', 270, 322),
(1319, '270', 271, 323),
(1320, '271', 272, 323),
(1321, '272', 273, 323),
(1322, '273', 274, 324),
(1323, '274', 275, 324),
(1324, '275', 276, 324),
(1325, '276', 277, 325),
(1326, '277', 278, 325),
(1327, '278', 279, 325),
(1328, '279', 280, 326),
(1329, '280', 281, 326),
(1330, '281', 282, 326),
(1331, '282', 283, 327),
(1332, '283', 284, 327),
(1333, '284', 285, 327),
(1334, '285', 286, 328),
(1335, '286', 287, 328),
(1336, '287', 288, 328),
(1337, '288', 289, 329),
(1338, '289', 290, 329),
(1339, '290', 291, 329),
(1340, '291', 292, 330),
(1341, '292', 293, 330),
(1342, '293', 294, 330),
(1343, '294', 295, 331),
(1344, '295', 296, 331),
(1345, '296', 297, 331),
(1346, '297', 298, 332),
(1347, '298', 299, 332),
(1348, '299', 300, 332),
(1349, '300', 301, 333),
(1350, '301', 302, 333),
(1351, '302', 303, 333),
(1352, '303', 304, 334),
(1353, '304', 305, 334),
(1354, '305', 306, 334),
(1355, '306', 307, 335),
(1356, '307', 308, 335),
(1357, '308', 309, 335),
(1358, '309', 310, 336),
(1359, '310', 311, 336),
(1360, '311', 312, 336),
(1361, '312', 313, 337),
(1362, '313', 314, 337),
(1363, '314', 315, 337),
(1364, '315', 316, 338),
(1365, '316', 317, 338),
(1366, '317', 318, 338),
(1367, '318', 319, 339),
(1368, '319', 320, 339),
(1369, '320', 321, 339),
(1370, '321', 322, 340),
(1371, '322', 323, 340),
(1372, '323', 324, 340),
(1373, '324', 325, 341),
(1374, '325', 326, 341),
(1375, '326', 327, 341),
(1376, '327', 328, 342),
(1377, '328', 329, 342),
(1378, '329', 330, 342),
(1379, '330', 331, 343),
(1380, '331', 332, 343),
(1381, '332', 333, 343),
(1382, '333', 334, 344),
(1383, '334', 335, 344),
(1384, '335', 336, 344),
(1385, '336', 337, 345),
(1386, '337', 338, 345),
(1387, '338', 339, 345),
(1388, '339', 340, 346),
(1389, '340', 341, 346),
(1390, '341', 342, 346),
(1391, '342', 343, 347),
(1392, '343', 344, 347),
(1393, '344', 345, 347),
(1394, '345', 346, 348),
(1395, '346', 347, 348),
(1396, '347', 348, 348),
(1397, '348', 349, 349),
(1398, '349', 350, 349),
(1399, '350', 351, 349),
(1400, '351', 352, 350),
(1401, '352', 353, 350),
(1402, '353', 354, 350),
(1403, '354', 355, 351),
(1404, '355', 356, 351),
(1405, '356', 357, 351),
(1406, '357', 358, 352),
(1407, '358', 359, 352),
(1408, '359', 360, 352),
(1409, '360', 361, 353),
(1410, '361', 362, 353),
(1411, '362', 363, 353),
(1412, '363', 364, 354),
(1413, '364', 365, 354),
(1414, '365', 366, 354),
(1415, '366', 367, 355),
(1416, '367', 368, 355),
(1417, '368', 369, 355),
(1418, '369', 370, 356),
(1419, '370', 371, 356),
(1420, '371', 372, 356),
(1421, '372', 373, 357),
(1422, '373', 374, 357),
(1423, '374', 375, 357),
(1424, '375', 376, 358),
(1425, '376', 377, 358),
(1426, '377', 378, 358),
(1427, '378', 379, 359),
(1428, '379', 380, 359),
(1429, '380', 381, 359),
(1430, '381', 382, 360),
(1431, '382', 383, 360),
(1432, '383', 384, 360),
(1433, '384', 385, 361),
(1434, '385', 386, 361),
(1435, '386', 387, 361),
(1436, '387', 388, 362),
(1437, '388', 389, 362),
(1438, '389', 390, 362),
(1439, '390', 391, 363),
(1440, '391', 392, 363),
(1441, '392', 393, 363),
(1442, '393', 394, 364),
(1443, '394', 395, 364),
(1444, '395', 396, 364),
(1445, '396', 397, 365),
(1446, '397', 398, 365),
(1447, '398', 399, 365),
(1448, '399', 400, 366),
(1449, '400', 401, 366),
(1450, '401', 402, 366),
(1451, '402', 403, 367),
(1452, '403', 404, 367),
(1453, '404', 405, 367),
(1454, '405', 406, 368),
(1455, '406', 407, 368),
(1456, '407', 408, 368),
(1457, '408', 409, 369),
(1458, '409', 410, 369),
(1459, '410', 411, 369),
(1460, '411', 412, 370),
(1461, '412', 413, 370),
(1462, '413', 414, 370),
(1463, '414', 415, 371),
(1464, '415', 416, 371),
(1465, '416', 417, 371),
(1466, '417', 418, 372),
(1467, '418', 419, 372),
(1468, '419', 420, 372),
(1469, '420', 421, 373),
(1470, '421', 422, 373),
(1471, '422', 423, 373),
(1472, '423', 424, 374),
(1473, '424', 425, 374),
(1474, '425', 426, 374),
(1475, '426', 427, 375),
(1476, '427', 428, 375),
(1477, '428', 429, 375),
(1478, '429', 430, 376),
(1479, '430', 431, 376),
(1480, '431', 432, 376),
(1481, '432', 433, 377),
(1482, '433', 434, 377),
(1483, '434', 435, 377),
(1484, '435', 436, 378),
(1485, '436', 437, 378),
(1486, '437', 438, 378),
(1487, '438', 439, 379),
(1488, '439', 440, 379),
(1489, '440', 441, 379),
(1490, '441', 442, 380),
(1491, '442', 443, 380),
(1492, '443', 444, 380),
(1493, '444', 445, 381),
(1494, '445', 446, 381),
(1495, '446', 447, 381),
(1496, '447', 448, 382),
(1497, '448', 449, 382),
(1498, '449', 450, 382),
(1499, '450', 451, 383),
(1500, '451', 452, 383),
(1501, '452', 453, 383),
(1502, '453', 454, 384),
(1503, '454', 455, 384),
(1504, '455', 456, 384),
(1505, '456', 457, 385),
(1506, '457', 458, 385),
(1507, '458', 459, 385),
(1508, '459', 460, 386),
(1509, '460', 461, 386),
(1510, '461', 462, 386),
(1511, '462', 463, 387),
(1512, '463', 464, 387),
(1513, '464', 465, 387),
(1514, '465', 466, 388),
(1515, '466', 467, 388),
(1516, '467', 468, 388),
(1517, '468', 469, 389),
(1518, '469', 470, 389),
(1519, '470', 471, 389),
(1520, '471', 472, 390),
(1521, '472', 473, 390),
(1522, '473', 474, 390),
(1523, '474', 475, 391),
(1524, '475', 476, 391),
(1525, '476', 477, 391),
(1526, '477', 478, 392),
(1527, '478', 479, 392),
(1528, '479', 480, 392),
(1529, '480', 481, 393),
(1530, '481', 482, 393),
(1531, '482', 483, 393),
(1532, '483', 484, 394),
(1533, '484', 485, 394),
(1534, '485', 486, 394),
(1535, '486', 487, 395),
(1536, '487', 488, 395),
(1537, '488', 489, 395),
(1538, '489', 490, 396),
(1539, '490', 491, 396),
(1540, '491', 492, 396),
(1541, '492', 493, 397),
(1542, '493', 494, 397),
(1543, '494', 495, 397),
(1544, '495', 496, 398),
(1545, '496', 497, 398),
(1546, '497', 498, 398),
(1547, '498', 499, 399),
(1548, '499', 500, 399),
(1549, '500', 501, 399),
(1550, '501', 502, 400),
(1551, '502', 503, 400),
(1552, '503', 504, 400),
(1553, '504', 505, 401),
(1554, '505', 506, 401),
(1555, '506', 507, 401),
(1556, '507', 508, 402),
(1557, '508', 509, 402),
(1558, '509', 510, 402),
(1559, '510', 511, 403),
(1560, '511', 512, 403),
(1561, '512', 513, 403),
(1562, '513', 514, 404),
(1563, '514', 515, 404),
(1564, '515', 516, 404),
(1565, '516', 517, 405),
(1566, '517', 518, 405),
(1567, '518', 519, 405),
(1568, '519', 520, 406),
(1569, '520', 521, 406),
(1570, '521', 522, 406),
(1571, '522', 523, 407),
(1572, '523', 524, 407),
(1573, '524', 525, 407),
(1574, '525', 526, 408),
(1575, '526', 527, 408),
(1576, '527', 528, 408),
(1577, '528', 529, 409),
(1578, '529', 530, 409),
(1579, '530', 531, 409),
(1580, '531', 532, 410),
(1581, '532', 533, 410),
(1582, '533', 534, 410),
(1583, '534', 535, 411),
(1584, '535', 536, 411),
(1585, '536', 537, 411),
(1586, '537', 538, 412),
(1587, '538', 539, 412),
(1588, '539', 540, 412),
(1589, '540', 541, 413),
(1590, '541', 542, 413),
(1591, '542', 543, 413),
(1592, '543', 544, 414),
(1593, '544', 545, 414),
(1594, '545', 546, 414),
(1595, '546', 547, 415),
(1596, '547', 548, 415),
(1597, '548', 549, 415),
(1598, '549', 550, 416),
(1599, '550', 551, 416),
(1600, '551', 552, 416),
(1601, '552', 553, 417),
(1602, '553', 554, 417),
(1603, '554', 555, 417),
(1604, '555', 556, 418),
(1605, '556', 557, 418),
(1606, '557', 558, 418),
(1607, '558', 559, 419),
(1608, '559', 560, 419),
(1609, '560', 561, 419),
(1610, '561', 562, 420),
(1611, '562', 563, 420),
(1612, '563', 564, 420),
(1613, '564', 565, 421),
(1614, '565', 566, 421),
(1615, '566', 567, 421),
(1616, '567', 568, 422),
(1617, '568', 569, 422),
(1618, '569', 570, 422),
(1619, '570', 571, 423),
(1620, '571', 572, 423),
(1621, '572', 573, 423),
(1622, '573', 574, 424),
(1623, '574', 575, 424),
(1624, '575', 576, 424),
(1625, '576', 577, 425),
(1626, '577', 578, 425),
(1627, '578', 579, 425),
(1628, '579', 580, 426),
(1629, '580', 581, 426),
(1630, '581', 582, 426),
(1631, '582', 583, 427),
(1632, '583', 584, 427),
(1633, '584', 585, 427),
(1634, '585', 586, 428),
(1635, '586', 587, 428),
(1636, '587', 588, 428),
(1637, '588', 589, 429),
(1638, '589', 590, 429),
(1639, '590', 591, 429),
(1640, '591', 592, 430),
(1641, '592', 593, 430),
(1642, '593', 594, 430),
(1643, '594', 595, 431),
(1644, '595', 596, 431),
(1645, '596', 597, 431),
(1646, '597', 598, 432),
(1647, '598', 599, 432),
(1648, '599', 600, 432),
(1649, '600', 601, 433),
(1650, '601', 602, 433),
(1651, '602', 603, 433),
(1652, '603', 604, 434),
(1653, '604', 605, 434),
(1654, '605', 606, 434),
(1655, '606', 607, 435),
(1656, '607', 608, 435),
(1657, '608', 609, 435),
(1658, '609', 610, 436),
(1659, '610', 611, 436),
(1660, '611', 612, 436),
(1661, '612', 613, 437),
(1662, '613', 614, 437),
(1663, '614', 615, 437),
(1664, '615', 616, 438),
(1665, '616', 617, 438),
(1666, '617', 618, 438),
(1667, '618', 619, 439),
(1668, '619', 620, 439),
(1669, '620', 621, 439),
(1670, '621', 622, 440),
(1671, '622', 623, 440),
(1672, '623', 624, 440),
(1673, '624', 625, 441),
(1674, '625', 626, 441),
(1675, '626', 627, 441),
(1676, '627', 628, 442),
(1677, '628', 629, 442),
(1678, '629', 630, 442),
(1679, '630', 631, 443),
(1680, '631', 632, 443),
(1681, '632', 633, 443),
(1682, '633', 634, 444),
(1683, '634', 635, 444),
(1684, '635', 636, 444),
(1685, '636', 637, 445),
(1686, '637', 638, 445),
(1687, '638', 639, 445),
(1688, '639', 640, 446),
(1689, '640', 641, 446),
(1690, '641', 642, 446),
(1691, '642', 643, 447),
(1692, '643', 644, 447),
(1693, '644', 645, 447),
(1694, '645', 646, 448),
(1695, '646', 647, 448),
(1696, '647', 648, 448),
(1697, '648', 649, 449),
(1698, '649', 650, 449),
(1699, '650', 651, 449),
(1700, '651', 652, 450),
(1701, '652', 653, 450),
(1702, '653', 654, 450),
(1703, '654', 655, 451),
(1704, '655', 656, 451),
(1705, '656', 657, 451),
(1706, '657', 658, 452),
(1707, '658', 659, 452),
(1708, '659', 660, 452),
(1709, '660', 661, 453),
(1710, '661', 662, 453),
(1711, '662', 663, 453),
(1712, '663', 664, 454),
(1713, '664', 665, 454),
(1714, '665', 666, 454),
(1715, '666', 667, 455),
(1716, '667', 668, 455),
(1717, '668', 669, 455),
(1718, '669', 670, 456),
(1719, '670', 671, 456),
(1720, '671', 672, 456),
(1721, '672', 673, 457),
(1722, '673', 674, 457),
(1723, '674', 675, 457),
(1724, '675', 676, 458),
(1725, '676', 677, 458),
(1726, '677', 678, 458),
(1727, '678', 679, 459),
(1728, '679', 680, 459),
(1729, '680', 681, 459),
(1730, '681', 682, 460),
(1731, '682', 683, 460),
(1732, '683', 684, 460),
(1733, '684', 685, 461),
(1734, '685', 686, 461),
(1735, '686', 687, 461),
(1736, '687', 688, 462),
(1737, '688', 689, 462),
(1738, '689', 690, 462),
(1739, '690', 691, 463),
(1740, '691', 692, 463),
(1741, '692', 693, 463),
(1742, '0', 1, 464),
(1743, '1', 2, 464),
(1744, '2', 3, 464),
(1745, '3', 4, 465),
(1746, '4', 5, 465),
(1747, '5', 6, 465),
(1748, '6', 7, 466),
(1749, '7', 8, 466),
(1750, '8', 9, 466),
(1751, '9', 10, 467),
(1752, '10', 11, 467),
(1753, '11', 12, 467),
(1754, '12', 13, 468),
(1755, '13', 14, 468),
(1756, '14', 15, 468),
(1757, '15', 16, 469),
(1758, '16', 17, 469),
(1759, '17', 18, 469),
(1760, '18', 19, 470),
(1761, '19', 20, 470),
(1762, '20', 21, 470),
(1763, '21', 22, 471),
(1764, '22', 23, 471),
(1765, '23', 24, 471),
(1766, '24', 25, 472),
(1767, '25', 26, 472),
(1768, '26', 27, 472),
(1769, '27', 28, 473),
(1770, '28', 29, 473),
(1771, '29', 30, 473),
(1772, '30', 31, 474),
(1773, '31', 32, 474),
(1774, '32', 33, 474),
(1775, '33', 34, 475),
(1776, '34', 35, 475),
(1777, '35', 36, 475),
(1778, '36', 37, 476),
(1779, '37', 38, 476),
(1780, '38', 39, 476),
(1781, '39', 40, 477),
(1782, '40', 41, 477),
(1783, '41', 42, 477),
(1784, '42', 43, 478),
(1785, '43', 44, 478),
(1786, '44', 45, 478),
(1787, '45', 46, 479),
(1788, '46', 47, 479),
(1789, '47', 48, 479),
(1790, '48', 49, 480),
(1791, '49', 50, 480),
(1792, '50', 51, 480),
(1793, '51', 52, 481),
(1794, '52', 53, 481),
(1795, '53', 54, 481),
(1796, '54', 55, 482),
(1797, '55', 56, 482),
(1798, '56', 57, 482),
(1799, '57', 58, 483),
(1800, '58', 59, 483),
(1801, '59', 60, 483),
(1802, '60', 61, 484),
(1803, '61', 62, 484),
(1804, '62', 63, 484),
(1805, '63', 64, 485),
(1806, '64', 65, 485),
(1807, '65', 66, 485),
(1808, '66', 67, 486),
(1809, '67', 68, 486),
(1810, '68', 69, 486),
(1811, '69', 70, 487),
(1812, '70', 71, 487),
(1813, '71', 72, 487),
(1814, '72', 73, 488),
(1815, '73', 74, 488),
(1816, '74', 75, 488),
(1817, '75', 76, 489),
(1818, '76', 77, 489),
(1819, '77', 78, 489),
(1820, '78', 79, 490),
(1821, '79', 80, 490),
(1822, '80', 81, 490),
(1823, '81', 82, 491),
(1824, '82', 83, 491),
(1825, '83', 84, 491),
(1826, '84', 85, 492),
(1827, '85', 86, 492),
(1828, '86', 87, 492),
(1829, '87', 88, 493),
(1830, '88', 89, 493),
(1831, '89', 90, 493),
(1832, '90', 91, 494),
(1833, '91', 92, 494),
(1834, '92', 93, 494),
(1835, '93', 94, 495),
(1836, '94', 95, 495),
(1837, '95', 96, 495),
(1838, '96', 97, 496),
(1839, '97', 98, 496),
(1840, '98', 99, 496),
(1841, '99', 100, 497),
(1842, '100', 101, 497),
(1843, '101', 102, 497),
(1844, '102', 103, 498),
(1845, '103', 104, 498),
(1846, '104', 105, 498),
(1847, '105', 106, 499),
(1848, '106', 107, 499),
(1849, '107', 108, 499),
(1850, '108', 109, 500),
(1851, '109', 110, 500),
(1852, '110', 111, 500),
(1853, '111', 112, 501),
(1854, '112', 113, 501),
(1855, '113', 114, 501),
(1856, '114', 115, 502),
(1857, '115', 116, 502),
(1858, '116', 117, 502),
(1859, '117', 118, 503),
(1860, '118', 119, 503),
(1861, '119', 120, 503),
(1862, '120', 121, 504),
(1863, '121', 122, 504),
(1864, '122', 123, 504),
(1865, '123', 124, 505),
(1866, '124', 125, 505),
(1867, '125', 126, 505),
(1868, '126', 127, 506),
(1869, '127', 128, 506),
(1870, '128', 129, 506),
(1871, '129', 130, 507),
(1872, '130', 131, 507),
(1873, '131', 132, 507),
(1874, '132', 133, 508),
(1875, '133', 134, 508),
(1876, '134', 135, 508),
(1877, '135', 136, 509),
(1878, '136', 137, 509),
(1879, '137', 138, 509),
(1880, '138', 139, 510),
(1881, '139', 140, 510),
(1882, '140', 141, 510),
(1883, '141', 142, 511),
(1884, '142', 143, 511),
(1885, '143', 144, 511),
(1886, '144', 145, 512),
(1887, '145', 146, 512),
(1888, '146', 147, 512),
(1889, '147', 148, 513),
(1890, '148', 149, 513),
(1891, '149', 150, 513),
(1892, '150', 151, 514),
(1893, '151', 152, 514),
(1894, '152', 153, 514),
(1895, '153', 154, 515),
(1896, '154', 155, 515),
(1897, '155', 156, 515),
(1898, '156', 157, 516),
(1899, '157', 158, 516),
(1900, '158', 159, 516),
(1901, '159', 160, 517),
(1902, '160', 161, 517),
(1903, '161', 162, 517),
(1904, '162', 163, 518),
(1905, '163', 164, 518),
(1906, '164', 165, 518),
(1907, '165', 166, 519),
(1908, '166', 167, 519),
(1909, '167', 168, 519),
(1910, '168', 169, 520),
(1911, '169', 170, 520),
(1912, '170', 171, 520),
(1913, '171', 172, 521),
(1914, '172', 173, 521),
(1915, '173', 174, 521),
(1916, '174', 175, 522),
(1917, '175', 176, 522),
(1918, '176', 177, 522),
(1919, '177', 178, 523),
(1920, '178', 179, 523),
(1921, '179', 180, 523),
(1922, '180', 181, 524),
(1923, '181', 182, 524),
(1924, '182', 183, 524),
(1925, '183', 184, 525),
(1926, '184', 185, 525),
(1927, '185', 186, 525),
(1928, '186', 187, 526),
(1929, '187', 188, 526),
(1930, '188', 189, 526),
(1931, '189', 190, 527),
(1932, '190', 191, 527),
(1933, '191', 192, 527),
(1934, '192', 193, 528),
(1935, '193', 194, 528),
(1936, '194', 195, 528),
(1937, '195', 196, 529),
(1938, '196', 197, 529),
(1939, '197', 198, 529),
(1940, '198', 199, 530),
(1941, '199', 200, 530),
(1942, '200', 201, 530),
(1943, '201', 202, 531),
(1944, '202', 203, 531),
(1945, '203', 204, 531),
(1946, '204', 205, 532),
(1947, '205', 206, 532),
(1948, '206', 207, 532),
(1949, '207', 208, 533),
(1950, '208', 209, 533),
(1951, '209', 210, 533),
(1952, '210', 211, 534),
(1953, '211', 212, 534),
(1954, '212', 213, 534),
(1955, '213', 214, 535),
(1956, '214', 215, 535),
(1957, '215', 216, 535),
(1958, '216', 217, 536),
(1959, '217', 218, 536),
(1960, '218', 219, 536),
(1961, '219', 220, 537),
(1962, '220', 221, 537),
(1963, '221', 222, 537),
(1964, '222', 223, 538),
(1965, '223', 224, 538),
(1966, '224', 225, 538),
(1967, '225', 226, 539),
(1968, '226', 227, 539),
(1969, '227', 228, 539),
(1970, '228', 229, 540),
(1971, '229', 230, 540),
(1972, '230', 231, 540),
(1973, '231', 232, 541),
(1974, '232', 233, 541),
(1975, '233', 234, 541),
(1976, '234', 235, 542),
(1977, '235', 236, 542),
(1978, '236', 237, 542),
(1979, '237', 238, 543),
(1980, '238', 239, 543),
(1981, '239', 240, 543),
(1982, '240', 241, 544),
(1983, '241', 242, 544),
(1984, '242', 243, 544),
(1985, '243', 244, 545),
(1986, '244', 245, 545),
(1987, '245', 246, 545),
(1988, '246', 247, 546),
(1989, '247', 248, 546),
(1990, '248', 249, 546),
(1991, '249', 250, 547),
(1992, '250', 251, 547),
(1993, '251', 252, 547),
(1994, '252', 253, 548),
(1995, '253', 254, 548),
(1996, '254', 255, 548),
(1997, '255', 256, 549),
(1998, '256', 257, 549),
(1999, '257', 258, 549),
(2000, '258', 259, 550),
(2001, '259', 260, 550),
(2002, '260', 261, 550),
(2003, '261', 262, 551),
(2004, '262', 263, 551),
(2005, '263', 264, 551),
(2006, '264', 265, 552),
(2007, '265', 266, 552),
(2008, '266', 267, 552),
(2009, '267', 268, 553),
(2010, '268', 269, 553),
(2011, '269', 270, 553),
(2012, '270', 271, 554),
(2013, '271', 272, 554),
(2014, '272', 273, 554),
(2015, '273', 274, 555),
(2016, '274', 275, 555),
(2017, '275', 276, 555),
(2018, '276', 277, 556),
(2019, '277', 278, 556),
(2020, '278', 279, 556),
(2021, '279', 280, 557),
(2022, '280', 281, 557),
(2023, '281', 282, 557),
(2024, '282', 283, 558),
(2025, '283', 284, 558),
(2026, '284', 285, 558),
(2027, '285', 286, 559),
(2028, '286', 287, 559),
(2029, '287', 288, 559),
(2030, '288', 289, 560),
(2031, '289', 290, 560),
(2032, '290', 291, 560),
(2033, '291', 292, 561),
(2034, '292', 293, 561),
(2035, '293', 294, 561),
(2036, '294', 295, 562),
(2037, '295', 296, 562),
(2038, '296', 297, 562),
(2039, '297', 298, 563),
(2040, '298', 299, 563),
(2041, '299', 300, 563),
(2042, '300', 301, 564),
(2043, '301', 302, 564),
(2044, '302', 303, 564),
(2045, '303', 304, 565),
(2046, '304', 305, 565),
(2047, '305', 306, 565),
(2048, '306', 307, 566),
(2049, '307', 308, 566),
(2050, '308', 309, 566),
(2051, '309', 310, 567),
(2052, '310', 311, 567),
(2053, '311', 312, 567),
(2054, '312', 313, 568),
(2055, '313', 314, 568),
(2056, '314', 315, 568),
(2057, '315', 316, 569),
(2058, '316', 317, 569),
(2059, '317', 318, 569),
(2060, '318', 319, 570),
(2061, '319', 320, 570),
(2062, '320', 321, 570),
(2063, '321', 322, 571),
(2064, '322', 323, 571),
(2065, '323', 324, 571),
(2066, '324', 325, 572),
(2067, '325', 326, 572),
(2068, '326', 327, 572),
(2069, '327', 328, 573),
(2070, '328', 329, 573),
(2071, '329', 330, 573),
(2072, '330', 331, 574),
(2073, '331', 332, 574),
(2074, '332', 333, 574),
(2075, '333', 334, 575),
(2076, '334', 335, 575),
(2077, '335', 336, 575),
(2078, '336', 337, 576),
(2079, '337', 338, 576),
(2080, '338', 339, 576),
(2081, '339', 340, 577),
(2082, '340', 341, 577),
(2083, '341', 342, 577),
(2084, '342', 343, 578),
(2085, '343', 344, 578),
(2086, '344', 345, 578),
(2087, '345', 346, 579),
(2088, '346', 347, 579),
(2089, '347', 348, 579),
(2090, '348', 349, 580),
(2091, '349', 350, 580),
(2092, '350', 351, 580),
(2093, '351', 352, 581),
(2094, '352', 353, 581),
(2095, '353', 354, 581),
(2096, '354', 355, 582),
(2097, '355', 356, 582),
(2098, '356', 357, 582),
(2099, '357', 358, 583),
(2100, '358', 359, 583),
(2101, '359', 360, 583),
(2102, '360', 361, 584),
(2103, '361', 362, 584),
(2104, '362', 363, 584),
(2105, '363', 364, 585),
(2106, '364', 365, 585),
(2107, '365', 366, 585),
(2108, '366', 367, 586),
(2109, '367', 368, 586),
(2110, '368', 369, 586),
(2111, '369', 370, 587),
(2112, '370', 371, 587),
(2113, '371', 372, 587),
(2114, '372', 373, 588),
(2115, '373', 374, 588),
(2116, '374', 375, 588),
(2117, '375', 376, 589),
(2118, '376', 377, 589),
(2119, '377', 378, 589),
(2120, '378', 379, 590),
(2121, '379', 380, 590),
(2122, '380', 381, 590),
(2123, '381', 382, 591),
(2124, '382', 383, 591),
(2125, '383', 384, 591),
(2126, '384', 385, 592),
(2127, '385', 386, 592),
(2128, '386', 387, 592),
(2129, '387', 388, 593),
(2130, '388', 389, 593),
(2131, '389', 390, 593),
(2132, '390', 391, 594),
(2133, '391', 392, 594),
(2134, '392', 393, 594),
(2135, '393', 394, 595),
(2136, '394', 395, 595),
(2137, '395', 396, 595),
(2138, '396', 397, 596),
(2139, '397', 398, 596),
(2140, '398', 399, 596),
(2141, '399', 400, 597),
(2142, '400', 401, 597),
(2143, '401', 402, 597),
(2144, '402', 403, 598),
(2145, '403', 404, 598),
(2146, '404', 405, 598),
(2147, '405', 406, 599),
(2148, '406', 407, 599),
(2149, '407', 408, 599),
(2150, '408', 409, 600),
(2151, '409', 410, 600),
(2152, '410', 411, 600),
(2153, '411', 412, 601),
(2154, '412', 413, 601),
(2155, '413', 414, 601),
(2156, '414', 415, 602),
(2157, '415', 416, 602),
(2158, '416', 417, 602),
(2159, '417', 418, 603),
(2160, '418', 419, 603),
(2161, '419', 420, 603),
(2162, '420', 421, 604),
(2163, '421', 422, 604),
(2164, '422', 423, 604);
INSERT INTO `ward` (`sn`, `ward_name`, `ward_number`, `lga_id`) VALUES
(2165, '423', 424, 605),
(2166, '424', 425, 605),
(2167, '425', 426, 605),
(2168, '426', 427, 606),
(2169, '427', 428, 606),
(2170, '428', 429, 606),
(2171, '429', 430, 607),
(2172, '430', 431, 607),
(2173, '431', 432, 607),
(2174, '432', 433, 608),
(2175, '433', 434, 608),
(2176, '434', 435, 608),
(2177, '435', 436, 609),
(2178, '436', 437, 609),
(2179, '437', 438, 609),
(2180, '438', 439, 610),
(2181, '439', 440, 610),
(2182, '440', 441, 610),
(2183, '441', 442, 611),
(2184, '442', 443, 611),
(2185, '443', 444, 611),
(2186, '444', 445, 612),
(2187, '445', 446, 612),
(2188, '446', 447, 612),
(2189, '447', 448, 613),
(2190, '448', 449, 613),
(2191, '449', 450, 613),
(2192, '450', 451, 614),
(2193, '451', 452, 614),
(2194, '452', 453, 614),
(2195, '453', 454, 615),
(2196, '454', 455, 615),
(2197, '455', 456, 615),
(2198, '456', 457, 616),
(2199, '457', 458, 616),
(2200, '458', 459, 616),
(2201, '459', 460, 617),
(2202, '460', 461, 617),
(2203, '461', 462, 617),
(2204, '462', 463, 618),
(2205, '463', 464, 618),
(2206, '464', 465, 618),
(2207, '465', 466, 619),
(2208, '466', 467, 619),
(2209, '467', 468, 619),
(2210, '468', 469, 620),
(2211, '469', 470, 620),
(2212, '470', 471, 620),
(2213, '471', 472, 621),
(2214, '472', 473, 621),
(2215, '473', 474, 621),
(2216, '474', 475, 622),
(2217, '475', 476, 622),
(2218, '476', 477, 622),
(2219, '477', 478, 623),
(2220, '478', 479, 623),
(2221, '479', 480, 623),
(2222, '480', 481, 624),
(2223, '481', 482, 624),
(2224, '482', 483, 624),
(2225, '483', 484, 625),
(2226, '484', 485, 625),
(2227, '485', 486, 625),
(2228, '486', 487, 626),
(2229, '487', 488, 626),
(2230, '488', 489, 626),
(2231, '489', 490, 627),
(2232, '490', 491, 627),
(2233, '491', 492, 627),
(2234, '492', 493, 628),
(2235, '493', 494, 628),
(2236, '494', 495, 628),
(2237, '495', 496, 629),
(2238, '496', 497, 629),
(2239, '497', 498, 629),
(2240, '498', 499, 630),
(2241, '499', 500, 630),
(2242, '500', 501, 630),
(2243, '501', 502, 631),
(2244, '502', 503, 631),
(2245, '503', 504, 631),
(2246, '504', 505, 632),
(2247, '505', 506, 632),
(2248, '506', 507, 632),
(2249, '507', 508, 666),
(2250, '508', 509, 666),
(2251, '509', 510, 666),
(2252, '510', 511, 667),
(2253, '511', 512, 667),
(2254, '512', 513, 667),
(2255, '513', 514, 668),
(2256, '514', 515, 668),
(2257, '515', 516, 668),
(2258, '516', 517, 669),
(2259, '517', 518, 669),
(2260, '518', 519, 669),
(2261, '519', 520, 670),
(2262, '520', 521, 670),
(2263, '521', 522, 670),
(2264, '522', 523, 671),
(2265, '523', 524, 671),
(2266, '524', 525, 671),
(2267, '525', 526, 672),
(2268, '526', 527, 672),
(2269, '527', 528, 672),
(2270, '528', 529, 673),
(2271, '529', 530, 673),
(2272, '530', 531, 673),
(2273, '531', 532, 674),
(2274, '532', 533, 674),
(2275, '533', 534, 674),
(2276, '534', 535, 675),
(2277, '535', 536, 675),
(2278, '536', 537, 675),
(2279, '537', 538, 676),
(2280, '538', 539, 676),
(2281, '539', 540, 676),
(2282, '540', 541, 677),
(2283, '541', 542, 677),
(2284, '542', 543, 677),
(2285, '543', 544, 678),
(2286, '544', 545, 678),
(2287, '545', 546, 678),
(2288, '546', 547, 679),
(2289, '547', 548, 679),
(2290, '548', 549, 679),
(2291, '549', 550, 680),
(2292, '550', 551, 680),
(2293, '551', 552, 680),
(2294, '552', 553, 681),
(2295, '553', 554, 681),
(2296, '554', 555, 681),
(2297, '555', 556, 682),
(2298, '556', 557, 682),
(2299, '557', 558, 682),
(2300, '558', 559, 683),
(2301, '559', 560, 683),
(2302, '560', 561, 683),
(2303, '561', 562, 684),
(2304, '562', 563, 684),
(2305, '563', 564, 684),
(2306, '564', 565, 685),
(2307, '565', 566, 685),
(2308, '566', 567, 685),
(2309, '567', 568, 686),
(2310, '568', 569, 686),
(2311, '569', 570, 686),
(2312, '570', 571, 687),
(2313, '571', 572, 687),
(2314, '572', 573, 687),
(2315, '573', 574, 688),
(2316, '574', 575, 688),
(2317, '575', 576, 688),
(2318, '576', 577, 689),
(2319, '577', 578, 689),
(2320, '578', 579, 689),
(2321, '579', 580, 690),
(2322, '580', 581, 690),
(2323, '581', 582, 690),
(2324, '582', 583, 691),
(2325, '583', 584, 691),
(2326, '584', 585, 691),
(2327, '585', 586, 692),
(2328, '586', 587, 692),
(2329, '587', 588, 692),
(2330, '588', 589, 693),
(2331, '589', 590, 693),
(2332, '590', 591, 693),
(2333, '591', 592, 694),
(2334, '592', 593, 694),
(2335, '593', 594, 694),
(2336, '594', 595, 695),
(2337, '595', 596, 695),
(2338, '596', 597, 695),
(2339, '597', 598, 696),
(2340, '598', 599, 696),
(2341, '599', 600, 696),
(2342, '600', 601, 697),
(2343, '601', 602, 697),
(2344, '602', 603, 697),
(2345, '603', 604, 698),
(2346, '604', 605, 698),
(2347, '605', 606, 698),
(2348, '606', 607, 699),
(2349, '607', 608, 699),
(2350, '608', 609, 699),
(2351, '609', 610, 700),
(2352, '610', 611, 700),
(2353, '611', 612, 700),
(2354, '612', 613, 701),
(2355, '613', 614, 701),
(2356, '614', 615, 701),
(2357, '615', 616, 702),
(2358, '616', 617, 702),
(2359, '617', 618, 702),
(2360, '618', 619, 703),
(2361, '619', 620, 703),
(2362, '620', 621, 703),
(2363, '621', 622, 704),
(2364, '622', 623, 704),
(2365, '623', 624, 704),
(2366, '624', 625, 705),
(2367, '625', 626, 705),
(2368, '626', 627, 705),
(2369, '627', 628, 706),
(2370, '628', 629, 706),
(2371, '629', 630, 706),
(2372, '630', 631, 707),
(2373, '631', 632, 707),
(2374, '632', 633, 707),
(2375, '633', 634, 708),
(2376, '634', 635, 708),
(2377, '635', 636, 708),
(2378, '636', 637, 709),
(2379, '637', 638, 709),
(2380, '638', 639, 709),
(2381, '639', 640, 710),
(2382, '640', 641, 710),
(2383, '641', 642, 710),
(2384, '642', 643, 711),
(2385, '643', 644, 711),
(2386, '644', 645, 711),
(2387, '645', 646, 712),
(2388, '646', 647, 712),
(2389, '647', 648, 712),
(2390, '648', 649, 713),
(2391, '649', 650, 713),
(2392, '650', 651, 713),
(2393, '651', 652, 714),
(2394, '652', 653, 714),
(2395, '653', 654, 714),
(2396, '654', 655, 715),
(2397, '655', 656, 715),
(2398, '656', 657, 715),
(2399, '657', 658, 716),
(2400, '658', 659, 716),
(2401, '659', 660, 716),
(2402, '660', 661, 717),
(2403, '661', 662, 717),
(2404, '662', 663, 717),
(2405, '663', 664, 718),
(2406, '664', 665, 718),
(2407, '665', 666, 718),
(2408, '666', 667, 719),
(2409, '667', 668, 719),
(2410, '668', 669, 719),
(2411, '669', 670, 720),
(2412, '670', 671, 720),
(2413, '671', 672, 720),
(2414, '672', 673, 721),
(2415, '673', 674, 721),
(2416, '674', 675, 721),
(2417, '675', 676, 722),
(2418, '676', 677, 722),
(2419, '677', 678, 722),
(2420, '678', 679, 723),
(2421, '679', 680, 723),
(2422, '680', 681, 723),
(2423, '681', 682, 724),
(2424, '682', 683, 724),
(2425, '683', 684, 724),
(2426, '684', 685, 725),
(2427, '685', 686, 725),
(2428, '686', 687, 725),
(2429, '687', 688, 726),
(2430, '688', 689, 726),
(2431, '689', 690, 726),
(2432, '690', 691, 727),
(2433, '691', 692, 727),
(2434, '692', 693, 727),
(2435, '693', 694, 728),
(2436, '694', 695, 728),
(2437, '695', 696, 728),
(2438, '696', 697, 729),
(2439, '697', 698, 729),
(2440, '698', 699, 729),
(2441, '699', 700, 730),
(2442, '700', 701, 730),
(2443, '701', 702, 730),
(2444, '702', 703, 731),
(2445, '703', 704, 731),
(2446, '704', 705, 731),
(2447, '705', 706, 732),
(2448, '706', 707, 732),
(2449, '707', 708, 732),
(2450, '708', 709, 733),
(2451, '709', 710, 733),
(2452, '710', 711, 733),
(2453, '711', 712, 734),
(2454, '712', 713, 734),
(2455, '713', 714, 734),
(2456, '714', 715, 735),
(2457, '715', 716, 735),
(2458, '716', 717, 735),
(2459, '717', 718, 736),
(2460, '718', 719, 736),
(2461, '719', 720, 736),
(2462, '720', 721, 737),
(2463, '721', 722, 737),
(2464, '722', 723, 737),
(2465, '723', 724, 738),
(2466, '724', 725, 738),
(2467, '725', 726, 738),
(2468, '726', 727, 739),
(2469, '727', 728, 739),
(2470, '728', 729, 739),
(2471, '729', 730, 740),
(2472, '730', 731, 740),
(2473, '731', 732, 740),
(2474, '732', 733, 741),
(2475, '733', 734, 741),
(2476, '734', 735, 741),
(2477, '735', 736, 742),
(2478, '736', 737, 742),
(2479, '737', 738, 742),
(2480, '738', 739, 743),
(2481, '739', 740, 743),
(2482, '740', 741, 743),
(2483, '741', 742, 744),
(2484, '742', 743, 744),
(2485, '743', 744, 744),
(2486, '744', 745, 745),
(2487, '745', 746, 745),
(2488, '746', 747, 745),
(2489, '747', 748, 746),
(2490, '748', 749, 746),
(2491, '749', 750, 746),
(2492, '750', 751, 747),
(2493, '751', 752, 747),
(2494, '752', 753, 747),
(2495, '753', 754, 748),
(2496, '754', 755, 748),
(2497, '755', 756, 748),
(2498, '756', 757, 749),
(2499, '757', 758, 749),
(2500, '758', 759, 749),
(2501, '759', 760, 750),
(2502, '760', 761, 750),
(2503, '761', 762, 750),
(2504, '762', 763, 751),
(2505, '763', 764, 751),
(2506, '764', 765, 751),
(2507, '765', 766, 752),
(2508, '766', 767, 752),
(2509, '767', 768, 752),
(2510, '768', 769, 753),
(2511, '769', 770, 753),
(2512, '770', 771, 753),
(2513, '771', 772, 754),
(2514, '772', 773, 754),
(2515, '773', 774, 754),
(2516, '774', 775, 755),
(2517, '775', 776, 755),
(2518, '776', 777, 755),
(2519, '777', 778, 756),
(2520, '778', 779, 756),
(2521, '779', 780, 756),
(2522, '780', 781, 757),
(2523, '781', 782, 757),
(2524, '782', 783, 757),
(2525, '783', 784, 758),
(2526, '784', 785, 758),
(2527, '785', 786, 758),
(2528, '786', 787, 759),
(2529, '787', 788, 759),
(2530, '788', 789, 759),
(2531, '0', 1, 760),
(2532, '1', 2, 760),
(2533, '2', 3, 760),
(2534, '3', 4, 761),
(2535, '4', 5, 761),
(2536, '5', 6, 761),
(2537, '6', 7, 762),
(2538, '7', 8, 762),
(2539, '8', 9, 762),
(2540, '9', 10, 763),
(2541, '10', 11, 763),
(2542, '11', 12, 763),
(2543, '12', 13, 764),
(2544, '13', 14, 764),
(2545, '14', 15, 764),
(2546, '15', 16, 765),
(2547, '16', 17, 765),
(2548, '17', 18, 765),
(2549, '18', 19, 766),
(2550, '19', 20, 766),
(2551, '20', 21, 766),
(2552, '21', 22, 767),
(2553, '22', 23, 767),
(2554, '23', 24, 767),
(2555, '24', 25, 768),
(2556, '25', 26, 768),
(2557, '26', 27, 768),
(2558, '27', 28, 769),
(2559, '28', 29, 769),
(2560, '29', 30, 769),
(2561, '30', 31, 770),
(2562, '31', 32, 770),
(2563, '32', 33, 770),
(2564, '33', 34, 771),
(2565, '34', 35, 771),
(2566, '35', 36, 771),
(2567, '36', 37, 772),
(2568, '37', 38, 772),
(2569, '38', 39, 772),
(2570, '39', 40, 773),
(2571, '40', 41, 773),
(2572, '41', 42, 773),
(2573, '42', 43, 774),
(2574, '43', 44, 774),
(2575, '44', 45, 774),
(2576, '45', 46, 775),
(2577, '46', 47, 775),
(2578, '47', 48, 775);

--
-- Constraints for dumped tables
--

--
-- Constraints for table `ward`
--
ALTER TABLE `ward`
  ADD CONSTRAINT `ward_ibfk_1` FOREIGN KEY (`lga_id`) REFERENCES `lga` (`sn`);

/*!40101 SET CHARACTER_SET_CLIENT=@OLD_CHARACTER_SET_CLIENT */;
/*!40101 SET CHARACTER_SET_RESULTS=@OLD_CHARACTER_SET_RESULTS */;
/*!40101 SET COLLATION_CONNECTION=@OLD_COLLATION_CONNECTION */;
